[
{
    "model": "admin.logentry",
    "pk": 1,
    "fields": {
        "action_time": "2025-10-05T15:38:14.985Z",
        "user": 2,
        "content_type": 6,
        "object_id": "1",
        "object_repr": "admin@test.com",
        "action_flag": 3,
        "change_message": ""
    }
},
{
    "model": "admin.logentry",
    "pk": 2,
    "fields": {
        "action_time": "2025-10-05T15:38:35.087Z",
        "user": 2,
        "content_type": 6,
        "object_id": "2",
        "object_repr": "admin@test.ru",
        "action_flag": 2,
        "change_message": "[{\"changed\": {\"fields\": [\"Groups\"]}}]"
    }
},
{
    "model": "auth.permission",
    "pk": 1,
    "fields": {
        "name": "Can add log entry",
        "content_type": 1,
        "codename": "add_logentry"
    }
},
{
    "model": "auth.permission",
    "pk": 2,
    "fields": {
        "name": "Can change log entry",
        "content_type": 1,
        "codename": "change_logentry"
    }
},
{
    "model": "auth.permission",
    "pk": 3,
    "fields": {
        "name": "Can delete log entry",
        "content_type": 1,
        "codename": "delete_logentry"
    }
},
{
    "model": "auth.permission",
    "pk": 4,
    "fields": {
        "name": "Can view log entry",
        "content_type": 1,
        "codename": "view_logentry"
    }
},
{
    "model": "auth.permission",
    "pk": 5,
    "fields": {
        "name": "Can add permission",
        "content_type": 2,
        "codename": "add_permission"
    }
},
{
    "model": "auth.permission",
    "pk": 6,
    "fields": {
        "name": "Can change permission",
        "content_type": 2,
        "codename": "change_permission"
    }
},
{
    "model": "auth.permission",
    "pk": 7,
    "fields": {
        "name": "Can delete permission",
        "content_type": 2,
        "codename": "delete_permission"
    }
},
{
    "model": "auth.permission",
    "pk": 8,
    "fields": {
        "name": "Can view permission",
        "content_type": 2,
        "codename": "view_permission"
    }
},
{
    "model": "auth.permission",
    "pk": 9,
    "fields": {
        "name": "Can add group",
        "content_type": 3,
        "codename": "add_group"
    }
},
{
    "model": "auth.permission",
    "pk": 10,
    "fields": {
        "name": "Can change group",
        "content_type": 3,
        "codename": "change_group"
    }
},
{
    "model": "auth.permission",
    "pk": 11,
    "fields": {
        "name": "Can delete group",
        "content_type": 3,
        "codename": "delete_group"
    }
},
{
    "model": "auth.permission",
    "pk": 12,
    "fields": {
        "name": "Can view group",
        "content_type": 3,
        "codename": "view_group"
    }
},
{
    "model": "auth.permission",
    "pk": 13,
    "fields": {
        "name": "Can add content type",
        "content_type": 4,
        "codename": "add_contenttype"
    }
},
{
    "model": "auth.permission",
    "pk": 14,
    "fields": {
        "name": "Can change content type",
        "content_type": 4,
        "codename": "change_contenttype"
    }
},
{
    "model": "auth.permission",
    "pk": 15,
    "fields": {
        "name": "Can delete content type",
        "content_type": 4,
        "codename": "delete_contenttype"
    }
},
{
    "model": "auth.permission",
    "pk": 16,
    "fields": {
        "name": "Can view content type",
        "content_type": 4,
        "codename": "view_contenttype"
    }
},
{
    "model": "auth.permission",
    "pk": 17,
    "fields": {
        "name": "Can add session",
        "content_type": 5,
        "codename": "add_session"
    }
},
{
    "model": "auth.permission",
    "pk": 18,
    "fields": {
        "name": "Can change session",
        "content_type": 5,
        "codename": "change_session"
    }
},
{
    "model": "auth.permission",
    "pk": 19,
    "fields": {
        "name": "Can delete session",
        "content_type": 5,
        "codename": "delete_session"
    }
},
{
    "model": "auth.permission",
    "pk": 20,
    "fields": {
        "name": "Can view session",
        "content_type": 5,
        "codename": "view_session"
    }
},
{
    "model": "auth.permission",
    "pk": 21,
    "fields": {
        "name": "Can add Пользователь",
        "content_type": 6,
        "codename": "add_user"
    }
},
{
    "model": "auth.permission",
    "pk": 22,
    "fields": {
        "name": "Can change Пользователь",
        "content_type": 6,
        "codename": "change_user"
    }
},
{
    "model": "auth.permission",
    "pk": 23,
    "fields": {
        "name": "Can delete Пользователь",
        "content_type": 6,
        "codename": "delete_user"
    }
},
{
    "model": "auth.permission",
    "pk": 24,
    "fields": {
        "name": "Can view Пользователь",
        "content_type": 6,
        "codename": "view_user"
    }
},
{
    "model": "auth.permission",
    "pk": 25,
    "fields": {
        "name": "Может блокировать пользователей",
        "content_type": 6,
        "codename": "can_block_user"
    }
},
{
    "model": "auth.permission",
    "pk": 26,
    "fields": {
        "name": "Can add Попытка отправки",
        "content_type": 7,
        "codename": "add_attempt"
    }
},
{
    "model": "auth.permission",
    "pk": 27,
    "fields": {
        "name": "Can change Попытка отправки",
        "content_type": 7,
        "codename": "change_attempt"
    }
},
{
    "model": "auth.permission",
    "pk": 28,
    "fields": {
        "name": "Can delete Попытка отправки",
        "content_type": 7,
        "codename": "delete_attempt"
    }
},
{
    "model": "auth.permission",
    "pk": 29,
    "fields": {
        "name": "Can view Попытка отправки",
        "content_type": 7,
        "codename": "view_attempt"
    }
},
{
    "model": "auth.permission",
    "pk": 30,
    "fields": {
        "name": "Can add Рассылка",
        "content_type": 8,
        "codename": "add_mailing"
    }
},
{
    "model": "auth.permission",
    "pk": 31,
    "fields": {
        "name": "Can change Рассылка",
        "content_type": 8,
        "codename": "change_mailing"
    }
},
{
    "model": "auth.permission",
    "pk": 32,
    "fields": {
        "name": "Can delete Рассылка",
        "content_type": 8,
        "codename": "delete_mailing"
    }
},
{
    "model": "auth.permission",
    "pk": 33,
    "fields": {
        "name": "Can view Рассылка",
        "content_type": 8,
        "codename": "view_mailing"
    }
},
{
    "model": "auth.permission",
    "pk": 34,
    "fields": {
        "name": "Может отключать рассылки",
        "content_type": 8,
        "codename": "can_disable_mailing"
    }
},
{
    "model": "auth.permission",
    "pk": 35,
    "fields": {
        "name": "Can add Сообщение",
        "content_type": 9,
        "codename": "add_message"
    }
},
{
    "model": "auth.permission",
    "pk": 36,
    "fields": {
        "name": "Can change Сообщение",
        "content_type": 9,
        "codename": "change_message"
    }
},
{
    "model": "auth.permission",
    "pk": 37,
    "fields": {
        "name": "Can delete Сообщение",
        "content_type": 9,
        "codename": "delete_message"
    }
},
{
    "model": "auth.permission",
    "pk": 38,
    "fields": {
        "name": "Can view Сообщение",
        "content_type": 9,
        "codename": "view_message"
    }
},
{
    "model": "auth.permission",
    "pk": 39,
    "fields": {
        "name": "Can add Получатель",
        "content_type": 10,
        "codename": "add_recipient"
    }
},
{
    "model": "auth.permission",
    "pk": 40,
    "fields": {
        "name": "Can change Получатель",
        "content_type": 10,
        "codename": "change_recipient"
    }
},
{
    "model": "auth.permission",
    "pk": 41,
    "fields": {
        "name": "Can delete Получатель",
        "content_type": 10,
        "codename": "delete_recipient"
    }
},
{
    "model": "auth.permission",
    "pk": 42,
    "fields": {
        "name": "Can view Получатель",
        "content_type": 10,
        "codename": "view_recipient"
    }
},
{
    "model": "auth.permission",
    "pk": 43,
    "fields": {
        "name": "Can add django job",
        "content_type": 11,
        "codename": "add_djangojob"
    }
},
{
    "model": "auth.permission",
    "pk": 44,
    "fields": {
        "name": "Can change django job",
        "content_type": 11,
        "codename": "change_djangojob"
    }
},
{
    "model": "auth.permission",
    "pk": 45,
    "fields": {
        "name": "Can delete django job",
        "content_type": 11,
        "codename": "delete_djangojob"
    }
},
{
    "model": "auth.permission",
    "pk": 46,
    "fields": {
        "name": "Can view django job",
        "content_type": 11,
        "codename": "view_djangojob"
    }
},
{
    "model": "auth.permission",
    "pk": 47,
    "fields": {
        "name": "Can add django job execution",
        "content_type": 12,
        "codename": "add_djangojobexecution"
    }
},
{
    "model": "auth.permission",
    "pk": 48,
    "fields": {
        "name": "Can change django job execution",
        "content_type": 12,
        "codename": "change_djangojobexecution"
    }
},
{
    "model": "auth.permission",
    "pk": 49,
    "fields": {
        "name": "Can delete django job execution",
        "content_type": 12,
        "codename": "delete_djangojobexecution"
    }
},
{
    "model": "auth.permission",
    "pk": 50,
    "fields": {
        "name": "Can view django job execution",
        "content_type": 12,
        "codename": "view_djangojobexecution"
    }
},
{
    "model": "auth.permission",
    "pk": 51,
    "fields": {
        "name": "Может просматривать все сообщения",
        "content_type": 9,
        "codename": "can_view_all_messages"
    }
},
{
    "model": "auth.permission",
    "pk": 52,
    "fields": {
        "name": "Может просматривать всех получателей",
        "content_type": 10,
        "codename": "can_view_all_recipients"
    }
},
{
    "model": "auth.permission",
    "pk": 53,
    "fields": {
        "name": "Может просматривать все рассылки",
        "content_type": 8,
        "codename": "can_view_all_mailings"
    }
},
{
    "model": "auth.group",
    "pk": 1,
    "fields": {
        "name": "Managers",
        "permissions": [
            34,
            53,
            33,
            51,
            38,
            52,
            42,
            22,
            24
        ]
    }
},
{
    "model": "contenttypes.contenttype",
    "pk": 1,
    "fields": {
        "app_label": "admin",
        "model": "logentry"
    }
},
{
    "model": "contenttypes.contenttype",
    "pk": 2,
    "fields": {
        "app_label": "auth",
        "model": "permission"
    }
},
{
    "model": "contenttypes.contenttype",
    "pk": 3,
    "fields": {
        "app_label": "auth",
        "model": "group"
    }
},
{
    "model": "contenttypes.contenttype",
    "pk": 4,
    "fields": {
        "app_label": "contenttypes",
        "model": "contenttype"
    }
},
{
    "model": "contenttypes.contenttype",
    "pk": 5,
    "fields": {
        "app_label": "sessions",
        "model": "session"
    }
},
{
    "model": "contenttypes.contenttype",
    "pk": 6,
    "fields": {
        "app_label": "users",
        "model": "user"
    }
},
{
    "model": "contenttypes.contenttype",
    "pk": 7,
    "fields": {
        "app_label": "mailings",
        "model": "attempt"
    }
},
{
    "model": "contenttypes.contenttype",
    "pk": 8,
    "fields": {
        "app_label": "mailings",
        "model": "mailing"
    }
},
{
    "model": "contenttypes.contenttype",
    "pk": 9,
    "fields": {
        "app_label": "mailings",
        "model": "message"
    }
},
{
    "model": "contenttypes.contenttype",
    "pk": 10,
    "fields": {
        "app_label": "mailings",
        "model": "recipient"
    }
},
{
    "model": "contenttypes.contenttype",
    "pk": 11,
    "fields": {
        "app_label": "django_apscheduler",
        "model": "djangojob"
    }
},
{
    "model": "contenttypes.contenttype",
    "pk": 12,
    "fields": {
        "app_label": "django_apscheduler",
        "model": "djangojobexecution"
    }
},
{
    "model": "sessions.session",
    "pk": "4lpoptjzpy1i2lqdfxlwdfdo3irgcaol",
    "fields": {
        "session_data": ".eJxVjEEOwiAQAP_C2ZDCUqAevfcNZGFZqRqalPZk_Lsh6UGvM5N5i4DHXsLR8hYWElcB4vLLIqZnrl3QA-t9lWmt-7ZE2RN52ibnlfLrdrZ_g4Kt9C2xSmlEA9YRZWTtibR3UXkFhvXEzgAjD8OYePLGWosYGZiQQbkoPl8CgTjJ:1v5YUR:fDnZ3OlnNcJqhYPq2jmEg-8evHwj2p4C-YiKE0C-i38",
        "expire_date": "2025-10-19T23:50:07.870Z"
    }
},
{
    "model": "sessions.session",
    "pk": "husc4ypzjmxndae47l5ebx3xzjd8nq5o",
    "fields": {
        "session_data": ".eJxVjDsOwjAQBe_iGll2_Isp6TmDtetd4wBypDipEHeHSCmgfTPzXiLBtta0dV7SROIsBnH63RDyg9sO6A7tNss8t3WZUO6KPGiX15n4eTncv4MKvX7r4FgjGjAlFx-RVPQhG6u9G2PJrhChIbZ21Oi5KAaNgNEPQYGNEJx4fwACbDiZ:1v5lxC:pZrxIyoxi8FYcvlNFpLuaCRO8-v4J8BET1tPigttL28",
        "expire_date": "2025-10-20T14:12:42.613Z"
    }
},
{
    "model": "sessions.session",
    "pk": "tpryv65hqtkblbubtjo801ue5yd61qto",
    "fields": {
        "session_data": ".eJxVjDsOwjAQBe_iGll2_Isp6TmDtetd4wBypDipEHeHSCmgfTPzXiLBtta0dV7SROIsBnH63RDyg9sO6A7tNss8t3WZUO6KPGiX15n4eTncv4MKvX7r4FgjGjAlFx-RVPQhG6u9G2PJrhChIbZ21Oi5KAaNgNEPQYGNEJx4fwACbDiZ:1v5X5P:k0udWydabOf1tMgUvSBEeAcLqWqQmgQVPduEbofiTeM",
        "expire_date": "2025-10-19T22:20:11.322Z"
    }
},
{
    "model": "users.user",
    "pk": 2,
    "fields": {
        "password": "pbkdf2_sha256$1000000$WMr6dacUXH3mOUUy2EpSfX$9ex9pkFQo9A+C+V1DsrU69aNibBjqmK8bVdQRiUO07Y=",
        "last_login": "2025-10-06T14:12:42.548Z",
        "is_superuser": true,
        "username": "Ринат",
        "first_name": "",
        "last_name": "",
        "is_staff": true,
        "is_active": true,
        "date_joined": "2025-10-05T11:46:16.220Z",
        "created_at": "2025-10-05T11:46:16.539Z",
        "updated_at": "2025-10-05T15:38:34.848Z",
        "email": "admin@test.ru",
        "avatar": "",
        "phone": null,
        "country": null,
        "is_email_verified": true,
        "verification_token": null,
        "token_created_at": null,
        "groups": [
            1
        ],
        "user_permissions": []
    }
},
{
    "model": "users.user",
    "pk": 3,
    "fields": {
        "password": "pbkdf2_sha256$1000000$gV2OpJI4pU9ocEF1bNja9z$zdrh03vsm6Qx/1GYBsb+ZcPdCYGWURvejRk0Bb8VwtY=",
        "last_login": "2025-10-06T00:02:52.176Z",
        "is_superuser": false,
        "username": "test@test.ru",
        "first_name": "",
        "last_name": "",
        "is_staff": false,
        "is_active": true,
        "date_joined": "2025-10-05T19:15:56.892Z",
        "created_at": "2025-10-05T19:15:59.730Z",
        "updated_at": "2025-10-05T19:15:59.730Z",
        "email": "test@test.ru",
        "avatar": "",
        "phone": null,
        "country": null,
        "is_email_verified": true,
        "verification_token": null,
        "token_created_at": null,
        "groups": [],
        "user_permissions": []
    }
},
{
    "model": "users.user",
    "pk": 18,
    "fields": {
        "password": "pbkdf2_sha256$1000000$cTb4xyXeyUzRdqbUzKFEsx$tBWmklTQ0P6mkG7KXjJlLxD+bND8Gfgpore5nf2PCGE=",
        "last_login": "2025-10-05T23:06:06.327Z",
        "is_superuser": false,
        "username": "rewq@test.ru",
        "first_name": "",
        "last_name": "",
        "is_staff": false,
        "is_active": false,
        "date_joined": "2025-10-05T22:15:31.609Z",
        "created_at": "2025-10-05T22:15:32.541Z",
        "updated_at": "2025-10-05T23:10:09.006Z",
        "email": "rewq@test.ru",
        "avatar": "",
        "phone": null,
        "country": null,
        "is_email_verified": true,
        "verification_token": null,
        "token_created_at": null,
        "groups": [],
        "user_permissions": []
    }
},
{
    "model": "mailings.recipient",
    "pk": 1,
    "fields": {
        "created_at": "2025-10-05T13:09:20.005Z",
        "updated_at": "2025-10-05T13:09:20.005Z",
        "is_active": true,
        "owner": 2,
        "email": "test1@test.ru",
        "full_name": "Test Testov",
        "comment": "1"
    }
},
{
    "model": "mailings.recipient",
    "pk": 2,
    "fields": {
        "created_at": "2025-10-05T19:17:04.838Z",
        "updated_at": "2025-10-05T19:17:04.838Z",
        "is_active": true,
        "owner": 3,
        "email": "recepient2@test.ru",
        "full_name": "Test Testov2",
        "comment": "2"
    }
},
{
    "model": "mailings.recipient",
    "pk": 3,
    "fields": {
        "created_at": "2025-10-05T22:48:21.484Z",
        "updated_at": "2025-10-05T22:48:21.484Z",
        "is_active": true,
        "owner": 18,
        "email": "test.recipient@example.com",
        "full_name": "Тестовый Получатель",
        "comment": "Для проверки"
    }
},
{
    "model": "mailings.message",
    "pk": 1,
    "fields": {
        "created_at": "2025-10-05T13:10:32.773Z",
        "updated_at": "2025-10-05T13:13:21.243Z",
        "is_active": true,
        "owner": 2,
        "subject": "Сообщение",
        "body": "1"
    }
},
{
    "model": "mailings.message",
    "pk": 2,
    "fields": {
        "created_at": "2025-10-05T19:16:34.580Z",
        "updated_at": "2025-10-05T19:16:34.580Z",
        "is_active": true,
        "owner": 3,
        "subject": "test2",
        "body": "2"
    }
},
{
    "model": "mailings.message",
    "pk": 3,
    "fields": {
        "created_at": "2025-10-05T22:48:06.394Z",
        "updated_at": "2025-10-05T22:48:06.394Z",
        "is_active": true,
        "owner": 18,
        "subject": "ТЕСТОВАЯ рассылка для проверки",
        "body": "Это тестовое сообщение для проверки двойной отправки"
    }
},
{
    "model": "mailings.message",
    "pk": 4,
    "fields": {
        "created_at": "2025-10-05T23:04:41.445Z",
        "updated_at": "2025-10-05T23:04:41.445Z",
        "is_active": true,
        "owner": 18,
        "subject": "Тест системы запусков",
        "body": "Проверка работы партий/запусков"
    }
},
{
    "model": "mailings.mailing",
    "pk": 2,
    "fields": {
        "created_at": "2025-10-05T18:10:47.664Z",
        "updated_at": "2025-10-05T22:02:11.501Z",
        "owner": 2,
        "start_datetime": "2025-10-05T18:55:00Z",
        "end_datetime": "2025-10-06T00:05:00Z",
        "status": "completed",
        "message": 1,
        "successfully_sent": true,
        "is_active": true,
        "current_run": 1,
        "recipients": [
            1
        ]
    }
},
{
    "model": "mailings.mailing",
    "pk": 5,
    "fields": {
        "created_at": "2025-10-05T20:28:29.313Z",
        "updated_at": "2025-10-05T20:44:22.439Z",
        "owner": 3,
        "start_datetime": "2025-10-05T20:29:00Z",
        "end_datetime": "2025-10-05T21:29:00Z",
        "status": "completed",
        "message": 2,
        "successfully_sent": true,
        "is_active": true,
        "current_run": 1,
        "recipients": [
            2
        ]
    }
},
{
    "model": "mailings.mailing",
    "pk": 7,
    "fields": {
        "created_at": "2025-10-05T20:34:07.316Z",
        "updated_at": "2025-10-05T20:43:01.107Z",
        "owner": 3,
        "start_datetime": "2025-10-05T20:35:00Z",
        "end_datetime": "2025-10-05T21:35:00Z",
        "status": "completed",
        "message": 2,
        "successfully_sent": true,
        "is_active": true,
        "current_run": 1,
        "recipients": [
            2
        ]
    }
},
{
    "model": "mailings.mailing",
    "pk": 8,
    "fields": {
        "created_at": "2025-10-05T20:43:25.785Z",
        "updated_at": "2025-10-05T20:43:25.785Z",
        "owner": 3,
        "start_datetime": "2025-10-05T20:45:00Z",
        "end_datetime": "2025-10-05T21:45:00Z",
        "status": "completed",
        "message": 2,
        "successfully_sent": true,
        "is_active": true,
        "current_run": 1,
        "recipients": [
            2
        ]
    }
},
{
    "model": "mailings.mailing",
    "pk": 9,
    "fields": {
        "created_at": "2025-10-05T20:45:26.603Z",
        "updated_at": "2025-10-05T22:36:21.681Z",
        "owner": 3,
        "start_datetime": "2025-10-05T20:45:00Z",
        "end_datetime": "2025-10-06T23:47:00Z",
        "status": "completed",
        "message": 2,
        "successfully_sent": true,
        "is_active": true,
        "current_run": 1,
        "recipients": [
            2
        ]
    }
},
{
    "model": "mailings.mailing",
    "pk": 13,
    "fields": {
        "created_at": "2025-10-05T23:04:41.702Z",
        "updated_at": "2025-10-05T23:08:33.307Z",
        "owner": 18,
        "start_datetime": "2025-10-05T22:59:00Z",
        "end_datetime": "2025-10-06T00:04:00Z",
        "status": "completed",
        "message": 4,
        "successfully_sent": false,
        "is_active": true,
        "current_run": 4,
        "recipients": [
            3
        ]
    }
},
{
    "model": "mailings.attempt",
    "pk": 6,
    "fields": {
        "mailing": 2,
        "recipient": 1,
        "run_number": 1,
        "trigger_type": "scheduled",
        "status": "success",
        "server_response": "Email отправлен успешно",
        "attempted_at": "2025-10-05T18:16:42.648Z"
    }
},
{
    "model": "mailings.attempt",
    "pk": 7,
    "fields": {
        "mailing": 2,
        "recipient": 1,
        "run_number": 1,
        "trigger_type": "manual",
        "status": "success",
        "server_response": "Email отправлен успешно",
        "attempted_at": "2025-10-05T18:55:43.542Z"
    }
},
{
    "model": "mailings.attempt",
    "pk": 10,
    "fields": {
        "mailing": 5,
        "recipient": 2,
        "run_number": 1,
        "trigger_type": "scheduled",
        "status": "success",
        "server_response": "Email отправлен успешно",
        "attempted_at": "2025-10-05T20:30:43.147Z"
    }
},
{
    "model": "mailings.attempt",
    "pk": 12,
    "fields": {
        "mailing": 7,
        "recipient": 2,
        "run_number": 1,
        "trigger_type": "scheduled",
        "status": "success",
        "server_response": "Email отправлен успешно",
        "attempted_at": "2025-10-05T20:35:42.323Z"
    }
},
{
    "model": "mailings.attempt",
    "pk": 13,
    "fields": {
        "mailing": 9,
        "recipient": 2,
        "run_number": 1,
        "trigger_type": "scheduled",
        "status": "success",
        "server_response": "Email отправлен успешно",
        "attempted_at": "2025-10-05T20:46:48.393Z"
    }
},
{
    "model": "mailings.attempt",
    "pk": 14,
    "fields": {
        "mailing": 8,
        "recipient": 2,
        "run_number": 1,
        "trigger_type": "scheduled",
        "status": "success",
        "server_response": "Email отправлен успешно",
        "attempted_at": "2025-10-05T20:46:48.802Z"
    }
},
{
    "model": "mailings.attempt",
    "pk": 15,
    "fields": {
        "mailing": 9,
        "recipient": 2,
        "run_number": 1,
        "trigger_type": "manual",
        "status": "success",
        "server_response": "Email отправлен успешно",
        "attempted_at": "2025-10-05T22:36:29.205Z"
    }
},
{
    "model": "mailings.attempt",
    "pk": 19,
    "fields": {
        "mailing": 13,
        "recipient": 3,
        "run_number": 1,
        "trigger_type": "scheduled",
        "status": "success",
        "server_response": "Email отправлен успешно",
        "attempted_at": "2025-10-05T23:04:42.454Z"
    }
},
{
    "model": "mailings.attempt",
    "pk": 20,
    "fields": {
        "mailing": 13,
        "recipient": 3,
        "run_number": 2,
        "trigger_type": "scheduled",
        "status": "success",
        "server_response": "Email отправлен успешно",
        "attempted_at": "2025-10-05T23:05:18.858Z"
    }
},
{
    "model": "mailings.attempt",
    "pk": 21,
    "fields": {
        "mailing": 13,
        "recipient": 3,
        "run_number": 3,
        "trigger_type": "manual",
        "status": "success",
        "server_response": "Email отправлен успешно",
        "attempted_at": "2025-10-05T23:06:33.784Z"
    }
},
{
    "model": "mailings.attempt",
    "pk": 22,
    "fields": {
        "mailing": 13,
        "recipient": 3,
        "run_number": 4,
        "trigger_type": "command",
        "status": "success",
        "server_response": "Email отправлен успешно",
        "attempted_at": "2025-10-05T23:08:42.719Z"
    }
},
{
    "model": "django_apscheduler.djangojob",
    "pk": "check_and_send_mailings",
    "fields": {
        "next_run_time": "2025-10-06T01:37:12.806Z",
        "job_state": "gAWVEgIAAAAAAAB9lCiMB3ZlcnNpb26USwGMAmlklIwXY2hlY2tfYW5kX3NlbmRfbWFpbGluZ3OUjARmdW5jlIwvYXBwcy5tYWlsaW5ncy5zY2hlZHVsZXI6Y2hlY2tfYW5kX3NlbmRfbWFpbGluZ3OUjAd0cmlnZ2VylIwdYXBzY2hlZHVsZXIudHJpZ2dlcnMuaW50ZXJ2YWyUjA9JbnRlcnZhbFRyaWdnZXKUk5QpgZR9lChoAUsCjAh0aW1lem9uZZSMCGJ1aWx0aW5zlIwHZ2V0YXR0cpSTlIwIem9uZWluZm+UjAhab25lSW5mb5STlIwJX3VucGlja2xllIaUUpSMDUV1cm9wZS9Nb3Njb3eUSwGGlFKUjApzdGFydF9kYXRllIwIZGF0ZXRpbWWUjAhkYXRldGltZZSTlEMKB+kKBgQkKgxRI5RoGIaUUpSMCGVuZF9kYXRllE6MCGludGVydmFslGgajAl0aW1lZGVsdGGUk5RLAE0sAUsAh5RSlIwGaml0dGVylE51YowIZXhlY3V0b3KUjAdkZWZhdWx0lIwEYXJnc5QpjAZrd2FyZ3OUfZSMBG5hbWWUaAOMEm1pc2ZpcmVfZ3JhY2VfdGltZZRLAYwIY29hbGVzY2WUiIwNbWF4X2luc3RhbmNlc5RLAYwNbmV4dF9ydW5fdGltZZRoHEMKB+kKBgQlDAxQI5RoGIaUUpR1Lg=="
    }
},
{
    "model": "django_apscheduler.djangojobexecution",
    "pk": 1,
    "fields": {
        "job": "check_and_send_mailings",
        "status": "Executed",
        "run_time": "2025-10-05T14:03:37.076Z",
        "duration": "1.52",
        "finished": "1759673018.59",
        "exception": null,
        "traceback": null
    }
},
{
    "model": "django_apscheduler.djangojobexecution",
    "pk": 2,
    "fields": {
        "job": "check_and_send_mailings",
        "status": "Error!",
        "run_time": "2025-10-05T14:08:37.076Z",
        "duration": "0.89",
        "finished": "1759673317.96",
        "exception": "SSL connection has been closed unexpectedly\n",
        "traceback": "  File \"/home/runner/workspace/.cache/pypoetry/virtualenvs/project04-ziSNDrjU-py3.12/lib/python3.12/site-packages/apscheduler/executors/base.py\", line 131, in run_job\n    retval = job.func(*job.args, **job.kwargs)\n             ^^^^^^^^^^^^^^^^^^^^^^^^^^^^^^^^^\n  File \"/home/runner/workspace/apps/mailings/scheduler.py\", line 45, in check_and_send_mailings\n    if not mailings_to_send.exists():\n           ^^^^^^^^^^^^^^^^^^^^^^^^^\n  File \"/home/runner/workspace/.cache/pypoetry/virtualenvs/project04-ziSNDrjU-py3.12/lib/python3.12/site-packages/django/db/models/query.py\", line 1296, in exists\n    return self.query.has_results(using=self.db)\n           ^^^^^^^^^^^^^^^^^^^^^^^^^^^^^^^^^^^^^\n  File \"/home/runner/workspace/.cache/pypoetry/virtualenvs/project04-ziSNDrjU-py3.12/lib/python3.12/site-packages/django/db/models/sql/query.py\", line 674, in has_results\n    return compiler.has_results()\n           ^^^^^^^^^^^^^^^^^^^^^^\n  File \"/home/runner/workspace/.cache/pypoetry/virtualenvs/project04-ziSNDrjU-py3.12/lib/python3.12/site-packages/django/db/models/sql/compiler.py\", line 1591, in has_results\n    return bool(self.execute_sql(SINGLE))\n                ^^^^^^^^^^^^^^^^^^^^^^^^\n  File \"/home/runner/workspace/.cache/pypoetry/virtualenvs/project04-ziSNDrjU-py3.12/lib/python3.12/site-packages/django/db/models/sql/compiler.py\", line 1623, in execute_sql\n    cursor.execute(sql, params)\n  File \"/home/runner/workspace/.cache/pypoetry/virtualenvs/project04-ziSNDrjU-py3.12/lib/python3.12/site-packages/django/db/backends/utils.py\", line 122, in execute\n    return super().execute(sql, params)\n           ^^^^^^^^^^^^^^^^^^^^^^^^^^^^\n  File \"/home/runner/workspace/.cache/pypoetry/virtualenvs/project04-ziSNDrjU-py3.12/lib/python3.12/site-packages/django/db/backends/utils.py\", line 79, in execute\n    return self._execute_with_wrappers(\n           ^^^^^^^^^^^^^^^^^^^^^^^^^^^^\n  File \"/home/runner/workspace/.cache/pypoetry/virtualenvs/project04-ziSNDrjU-py3.12/lib/python3.12/site-packages/django/db/backends/utils.py\", line 92, in _execute_with_wrappers\n    return executor(sql, params, many, context)\n           ^^^^^^^^^^^^^^^^^^^^^^^^^^^^^^^^^^^^\n  File \"/home/runner/workspace/.cache/pypoetry/virtualenvs/project04-ziSNDrjU-py3.12/lib/python3.12/site-packages/django/db/backends/utils.py\", line 100, in _execute\n    with self.db.wrap_database_errors:\n         ^^^^^^^^^^^^^^^^^^^^^^^^^^^^\n  File \"/home/runner/workspace/.cache/pypoetry/virtualenvs/project04-ziSNDrjU-py3.12/lib/python3.12/site-packages/django/db/utils.py\", line 91, in __exit__\n    raise dj_exc_value.with_traceback(traceback) from exc_value\n  File \"/home/runner/workspace/.cache/pypoetry/virtualenvs/project04-ziSNDrjU-py3.12/lib/python3.12/site-packages/django/db/backends/utils.py\", line 105, in _execute\n    return self.cursor.execute(sql, params)\n           ^^^^^^^^^^^^^^^^^^^^^^^^^^^^^^^^\n"
    }
},
{
    "model": "django_apscheduler.djangojobexecution",
    "pk": 3,
    "fields": {
        "job": "check_and_send_mailings",
        "status": "Executed",
        "run_time": "2025-10-05T15:15:33.885Z",
        "duration": "1.44",
        "finished": "1759677335.33",
        "exception": null,
        "traceback": null
    }
},
{
    "model": "django_apscheduler.djangojobexecution",
    "pk": 4,
    "fields": {
        "job": "check_and_send_mailings",
        "status": "Missed!",
        "run_time": "2025-10-05T15:41:13.793Z",
        "duration": "2.89",
        "finished": "1759678876.69",
        "exception": "Run time of job 'check_and_send_mailings' was missed!",
        "traceback": null
    }
},
{
    "model": "django_apscheduler.djangojobexecution",
    "pk": 5,
    "fields": {
        "job": "check_and_send_mailings",
        "status": "Missed!",
        "run_time": "2025-10-05T15:49:52.184Z",
        "duration": "2.88",
        "finished": "1759679395.07",
        "exception": "Run time of job 'check_and_send_mailings' was missed!",
        "traceback": null
    }
},
{
    "model": "django_apscheduler.djangojobexecution",
    "pk": 6,
    "fields": {
        "job": "check_and_send_mailings",
        "status": "Missed!",
        "run_time": "2025-10-05T15:54:52.184Z",
        "duration": "2.86",
        "finished": "1759679695.04",
        "exception": "Run time of job 'check_and_send_mailings' was missed!",
        "traceback": null
    }
},
{
    "model": "django_apscheduler.djangojobexecution",
    "pk": 7,
    "fields": {
        "job": "check_and_send_mailings",
        "status": "Error!",
        "run_time": "2025-10-05T15:59:52.184Z",
        "duration": "0.51",
        "finished": "1759679992.69",
        "exception": "SSL connection has been closed unexpectedly\n",
        "traceback": "  File \"/home/runner/workspace/.cache/pypoetry/virtualenvs/project04-ziSNDrjU-py3.12/lib/python3.12/site-packages/apscheduler/executors/base.py\", line 131, in run_job\n    retval = job.func(*job.args, **job.kwargs)\n             ^^^^^^^^^^^^^^^^^^^^^^^^^^^^^^^^^\n  File \"/home/runner/workspace/apps/mailings/scheduler.py\", line 45, in check_and_send_mailings\n    if not mailings_to_send.exists():\n           ^^^^^^^^^^^^^^^^^^^^^^^^^\n  File \"/home/runner/workspace/.cache/pypoetry/virtualenvs/project04-ziSNDrjU-py3.12/lib/python3.12/site-packages/django/db/models/query.py\", line 1296, in exists\n    return self.query.has_results(using=self.db)\n           ^^^^^^^^^^^^^^^^^^^^^^^^^^^^^^^^^^^^^\n  File \"/home/runner/workspace/.cache/pypoetry/virtualenvs/project04-ziSNDrjU-py3.12/lib/python3.12/site-packages/django/db/models/sql/query.py\", line 674, in has_results\n    return compiler.has_results()\n           ^^^^^^^^^^^^^^^^^^^^^^\n  File \"/home/runner/workspace/.cache/pypoetry/virtualenvs/project04-ziSNDrjU-py3.12/lib/python3.12/site-packages/django/db/models/sql/compiler.py\", line 1591, in has_results\n    return bool(self.execute_sql(SINGLE))\n                ^^^^^^^^^^^^^^^^^^^^^^^^\n  File \"/home/runner/workspace/.cache/pypoetry/virtualenvs/project04-ziSNDrjU-py3.12/lib/python3.12/site-packages/django/db/models/sql/compiler.py\", line 1623, in execute_sql\n    cursor.execute(sql, params)\n  File \"/home/runner/workspace/.cache/pypoetry/virtualenvs/project04-ziSNDrjU-py3.12/lib/python3.12/site-packages/django/db/backends/utils.py\", line 122, in execute\n    return super().execute(sql, params)\n           ^^^^^^^^^^^^^^^^^^^^^^^^^^^^\n  File \"/home/runner/workspace/.cache/pypoetry/virtualenvs/project04-ziSNDrjU-py3.12/lib/python3.12/site-packages/django/db/backends/utils.py\", line 79, in execute\n    return self._execute_with_wrappers(\n           ^^^^^^^^^^^^^^^^^^^^^^^^^^^^\n  File \"/home/runner/workspace/.cache/pypoetry/virtualenvs/project04-ziSNDrjU-py3.12/lib/python3.12/site-packages/django/db/backends/utils.py\", line 92, in _execute_with_wrappers\n    return executor(sql, params, many, context)\n           ^^^^^^^^^^^^^^^^^^^^^^^^^^^^^^^^^^^^\n  File \"/home/runner/workspace/.cache/pypoetry/virtualenvs/project04-ziSNDrjU-py3.12/lib/python3.12/site-packages/django/db/backends/utils.py\", line 100, in _execute\n    with self.db.wrap_database_errors:\n         ^^^^^^^^^^^^^^^^^^^^^^^^^^^^\n  File \"/home/runner/workspace/.cache/pypoetry/virtualenvs/project04-ziSNDrjU-py3.12/lib/python3.12/site-packages/django/db/utils.py\", line 91, in __exit__\n    raise dj_exc_value.with_traceback(traceback) from exc_value\n  File \"/home/runner/workspace/.cache/pypoetry/virtualenvs/project04-ziSNDrjU-py3.12/lib/python3.12/site-packages/django/db/backends/utils.py\", line 105, in _execute\n    return self.cursor.execute(sql, params)\n           ^^^^^^^^^^^^^^^^^^^^^^^^^^^^^^^^\n"
    }
},
{
    "model": "django_apscheduler.djangojobexecution",
    "pk": 8,
    "fields": {
        "job": "check_and_send_mailings",
        "status": "Missed!",
        "run_time": "2025-10-05T16:04:52.184Z",
        "duration": "2.93",
        "finished": "1759680295.12",
        "exception": "Run time of job 'check_and_send_mailings' was missed!",
        "traceback": null
    }
},
{
    "model": "django_apscheduler.djangojobexecution",
    "pk": 9,
    "fields": {
        "job": "check_and_send_mailings",
        "status": "Error!",
        "run_time": "2025-10-05T16:09:52.184Z",
        "duration": "0.92",
        "finished": "1759680593.11",
        "exception": "SSL connection has been closed unexpectedly\n",
        "traceback": "  File \"/home/runner/workspace/.cache/pypoetry/virtualenvs/project04-ziSNDrjU-py3.12/lib/python3.12/site-packages/apscheduler/executors/base.py\", line 131, in run_job\n    retval = job.func(*job.args, **job.kwargs)\n             ^^^^^^^^^^^^^^^^^^^^^^^^^^^^^^^^^\n  File \"/home/runner/workspace/apps/mailings/scheduler.py\", line 45, in check_and_send_mailings\n    if not mailings_to_send.exists():\n           ^^^^^^^^^^^^^^^^^^^^^^^^^\n  File \"/home/runner/workspace/.cache/pypoetry/virtualenvs/project04-ziSNDrjU-py3.12/lib/python3.12/site-packages/django/db/models/query.py\", line 1296, in exists\n    return self.query.has_results(using=self.db)\n           ^^^^^^^^^^^^^^^^^^^^^^^^^^^^^^^^^^^^^\n  File \"/home/runner/workspace/.cache/pypoetry/virtualenvs/project04-ziSNDrjU-py3.12/lib/python3.12/site-packages/django/db/models/sql/query.py\", line 674, in has_results\n    return compiler.has_results()\n           ^^^^^^^^^^^^^^^^^^^^^^\n  File \"/home/runner/workspace/.cache/pypoetry/virtualenvs/project04-ziSNDrjU-py3.12/lib/python3.12/site-packages/django/db/models/sql/compiler.py\", line 1591, in has_results\n    return bool(self.execute_sql(SINGLE))\n                ^^^^^^^^^^^^^^^^^^^^^^^^\n  File \"/home/runner/workspace/.cache/pypoetry/virtualenvs/project04-ziSNDrjU-py3.12/lib/python3.12/site-packages/django/db/models/sql/compiler.py\", line 1623, in execute_sql\n    cursor.execute(sql, params)\n  File \"/home/runner/workspace/.cache/pypoetry/virtualenvs/project04-ziSNDrjU-py3.12/lib/python3.12/site-packages/django/db/backends/utils.py\", line 122, in execute\n    return super().execute(sql, params)\n           ^^^^^^^^^^^^^^^^^^^^^^^^^^^^\n  File \"/home/runner/workspace/.cache/pypoetry/virtualenvs/project04-ziSNDrjU-py3.12/lib/python3.12/site-packages/django/db/backends/utils.py\", line 79, in execute\n    return self._execute_with_wrappers(\n           ^^^^^^^^^^^^^^^^^^^^^^^^^^^^\n  File \"/home/runner/workspace/.cache/pypoetry/virtualenvs/project04-ziSNDrjU-py3.12/lib/python3.12/site-packages/django/db/backends/utils.py\", line 92, in _execute_with_wrappers\n    return executor(sql, params, many, context)\n           ^^^^^^^^^^^^^^^^^^^^^^^^^^^^^^^^^^^^\n  File \"/home/runner/workspace/.cache/pypoetry/virtualenvs/project04-ziSNDrjU-py3.12/lib/python3.12/site-packages/django/db/backends/utils.py\", line 100, in _execute\n    with self.db.wrap_database_errors:\n         ^^^^^^^^^^^^^^^^^^^^^^^^^^^^\n  File \"/home/runner/workspace/.cache/pypoetry/virtualenvs/project04-ziSNDrjU-py3.12/lib/python3.12/site-packages/django/db/utils.py\", line 91, in __exit__\n    raise dj_exc_value.with_traceback(traceback) from exc_value\n  File \"/home/runner/workspace/.cache/pypoetry/virtualenvs/project04-ziSNDrjU-py3.12/lib/python3.12/site-packages/django/db/backends/utils.py\", line 105, in _execute\n    return self.cursor.execute(sql, params)\n           ^^^^^^^^^^^^^^^^^^^^^^^^^^^^^^^^\n"
    }
},
{
    "model": "django_apscheduler.djangojobexecution",
    "pk": 10,
    "fields": {
        "job": "check_and_send_mailings",
        "status": "Error!",
        "run_time": "2025-10-05T16:14:52.184Z",
        "duration": "0.91",
        "finished": "1759680893.09",
        "exception": "SSL connection has been closed unexpectedly\n",
        "traceback": "  File \"/home/runner/workspace/.cache/pypoetry/virtualenvs/project04-ziSNDrjU-py3.12/lib/python3.12/site-packages/apscheduler/executors/base.py\", line 131, in run_job\n    retval = job.func(*job.args, **job.kwargs)\n             ^^^^^^^^^^^^^^^^^^^^^^^^^^^^^^^^^\n  File \"/home/runner/workspace/apps/mailings/scheduler.py\", line 45, in check_and_send_mailings\n    if not mailings_to_send.exists():\n           ^^^^^^^^^^^^^^^^^^^^^^^^^\n  File \"/home/runner/workspace/.cache/pypoetry/virtualenvs/project04-ziSNDrjU-py3.12/lib/python3.12/site-packages/django/db/models/query.py\", line 1296, in exists\n    return self.query.has_results(using=self.db)\n           ^^^^^^^^^^^^^^^^^^^^^^^^^^^^^^^^^^^^^\n  File \"/home/runner/workspace/.cache/pypoetry/virtualenvs/project04-ziSNDrjU-py3.12/lib/python3.12/site-packages/django/db/models/sql/query.py\", line 674, in has_results\n    return compiler.has_results()\n           ^^^^^^^^^^^^^^^^^^^^^^\n  File \"/home/runner/workspace/.cache/pypoetry/virtualenvs/project04-ziSNDrjU-py3.12/lib/python3.12/site-packages/django/db/models/sql/compiler.py\", line 1591, in has_results\n    return bool(self.execute_sql(SINGLE))\n                ^^^^^^^^^^^^^^^^^^^^^^^^\n  File \"/home/runner/workspace/.cache/pypoetry/virtualenvs/project04-ziSNDrjU-py3.12/lib/python3.12/site-packages/django/db/models/sql/compiler.py\", line 1623, in execute_sql\n    cursor.execute(sql, params)\n  File \"/home/runner/workspace/.cache/pypoetry/virtualenvs/project04-ziSNDrjU-py3.12/lib/python3.12/site-packages/django/db/backends/utils.py\", line 122, in execute\n    return super().execute(sql, params)\n           ^^^^^^^^^^^^^^^^^^^^^^^^^^^^\n  File \"/home/runner/workspace/.cache/pypoetry/virtualenvs/project04-ziSNDrjU-py3.12/lib/python3.12/site-packages/django/db/backends/utils.py\", line 79, in execute\n    return self._execute_with_wrappers(\n           ^^^^^^^^^^^^^^^^^^^^^^^^^^^^\n  File \"/home/runner/workspace/.cache/pypoetry/virtualenvs/project04-ziSNDrjU-py3.12/lib/python3.12/site-packages/django/db/backends/utils.py\", line 92, in _execute_with_wrappers\n    return executor(sql, params, many, context)\n           ^^^^^^^^^^^^^^^^^^^^^^^^^^^^^^^^^^^^\n  File \"/home/runner/workspace/.cache/pypoetry/virtualenvs/project04-ziSNDrjU-py3.12/lib/python3.12/site-packages/django/db/backends/utils.py\", line 100, in _execute\n    with self.db.wrap_database_errors:\n         ^^^^^^^^^^^^^^^^^^^^^^^^^^^^\n  File \"/home/runner/workspace/.cache/pypoetry/virtualenvs/project04-ziSNDrjU-py3.12/lib/python3.12/site-packages/django/db/utils.py\", line 91, in __exit__\n    raise dj_exc_value.with_traceback(traceback) from exc_value\n  File \"/home/runner/workspace/.cache/pypoetry/virtualenvs/project04-ziSNDrjU-py3.12/lib/python3.12/site-packages/django/db/backends/utils.py\", line 105, in _execute\n    return self.cursor.execute(sql, params)\n           ^^^^^^^^^^^^^^^^^^^^^^^^^^^^^^^^\n"
    }
},
{
    "model": "django_apscheduler.djangojobexecution",
    "pk": 11,
    "fields": {
        "job": "check_and_send_mailings",
        "status": "Missed!",
        "run_time": "2025-10-05T16:19:52.184Z",
        "duration": "1.71",
        "finished": "1759681193.90",
        "exception": "Run time of job 'check_and_send_mailings' was missed!",
        "traceback": null
    }
},
{
    "model": "django_apscheduler.djangojobexecution",
    "pk": 12,
    "fields": {
        "job": "check_and_send_mailings",
        "status": "Error!",
        "run_time": "2025-10-05T16:24:52.184Z",
        "duration": "0.98",
        "finished": "1759681493.17",
        "exception": "SSL connection has been closed unexpectedly\n",
        "traceback": "  File \"/home/runner/workspace/.cache/pypoetry/virtualenvs/project04-ziSNDrjU-py3.12/lib/python3.12/site-packages/apscheduler/executors/base.py\", line 131, in run_job\n    retval = job.func(*job.args, **job.kwargs)\n             ^^^^^^^^^^^^^^^^^^^^^^^^^^^^^^^^^\n  File \"/home/runner/workspace/apps/mailings/scheduler.py\", line 45, in check_and_send_mailings\n    if not mailings_to_send.exists():\n           ^^^^^^^^^^^^^^^^^^^^^^^^^\n  File \"/home/runner/workspace/.cache/pypoetry/virtualenvs/project04-ziSNDrjU-py3.12/lib/python3.12/site-packages/django/db/models/query.py\", line 1296, in exists\n    return self.query.has_results(using=self.db)\n           ^^^^^^^^^^^^^^^^^^^^^^^^^^^^^^^^^^^^^\n  File \"/home/runner/workspace/.cache/pypoetry/virtualenvs/project04-ziSNDrjU-py3.12/lib/python3.12/site-packages/django/db/models/sql/query.py\", line 674, in has_results\n    return compiler.has_results()\n           ^^^^^^^^^^^^^^^^^^^^^^\n  File \"/home/runner/workspace/.cache/pypoetry/virtualenvs/project04-ziSNDrjU-py3.12/lib/python3.12/site-packages/django/db/models/sql/compiler.py\", line 1591, in has_results\n    return bool(self.execute_sql(SINGLE))\n                ^^^^^^^^^^^^^^^^^^^^^^^^\n  File \"/home/runner/workspace/.cache/pypoetry/virtualenvs/project04-ziSNDrjU-py3.12/lib/python3.12/site-packages/django/db/models/sql/compiler.py\", line 1623, in execute_sql\n    cursor.execute(sql, params)\n  File \"/home/runner/workspace/.cache/pypoetry/virtualenvs/project04-ziSNDrjU-py3.12/lib/python3.12/site-packages/django/db/backends/utils.py\", line 122, in execute\n    return super().execute(sql, params)\n           ^^^^^^^^^^^^^^^^^^^^^^^^^^^^\n  File \"/home/runner/workspace/.cache/pypoetry/virtualenvs/project04-ziSNDrjU-py3.12/lib/python3.12/site-packages/django/db/backends/utils.py\", line 79, in execute\n    return self._execute_with_wrappers(\n           ^^^^^^^^^^^^^^^^^^^^^^^^^^^^\n  File \"/home/runner/workspace/.cache/pypoetry/virtualenvs/project04-ziSNDrjU-py3.12/lib/python3.12/site-packages/django/db/backends/utils.py\", line 92, in _execute_with_wrappers\n    return executor(sql, params, many, context)\n           ^^^^^^^^^^^^^^^^^^^^^^^^^^^^^^^^^^^^\n  File \"/home/runner/workspace/.cache/pypoetry/virtualenvs/project04-ziSNDrjU-py3.12/lib/python3.12/site-packages/django/db/backends/utils.py\", line 100, in _execute\n    with self.db.wrap_database_errors:\n         ^^^^^^^^^^^^^^^^^^^^^^^^^^^^\n  File \"/home/runner/workspace/.cache/pypoetry/virtualenvs/project04-ziSNDrjU-py3.12/lib/python3.12/site-packages/django/db/utils.py\", line 91, in __exit__\n    raise dj_exc_value.with_traceback(traceback) from exc_value\n  File \"/home/runner/workspace/.cache/pypoetry/virtualenvs/project04-ziSNDrjU-py3.12/lib/python3.12/site-packages/django/db/backends/utils.py\", line 105, in _execute\n    return self.cursor.execute(sql, params)\n           ^^^^^^^^^^^^^^^^^^^^^^^^^^^^^^^^\n"
    }
},
{
    "model": "django_apscheduler.djangojobexecution",
    "pk": 13,
    "fields": {
        "job": "check_and_send_mailings",
        "status": "Error!",
        "run_time": "2025-10-05T16:29:52.184Z",
        "duration": "0.85",
        "finished": "1759681793.03",
        "exception": "SSL connection has been closed unexpectedly\n",
        "traceback": "  File \"/home/runner/workspace/.cache/pypoetry/virtualenvs/project04-ziSNDrjU-py3.12/lib/python3.12/site-packages/apscheduler/executors/base.py\", line 131, in run_job\n    retval = job.func(*job.args, **job.kwargs)\n             ^^^^^^^^^^^^^^^^^^^^^^^^^^^^^^^^^\n  File \"/home/runner/workspace/apps/mailings/scheduler.py\", line 45, in check_and_send_mailings\n    if not mailings_to_send.exists():\n           ^^^^^^^^^^^^^^^^^^^^^^^^^\n  File \"/home/runner/workspace/.cache/pypoetry/virtualenvs/project04-ziSNDrjU-py3.12/lib/python3.12/site-packages/django/db/models/query.py\", line 1296, in exists\n    return self.query.has_results(using=self.db)\n           ^^^^^^^^^^^^^^^^^^^^^^^^^^^^^^^^^^^^^\n  File \"/home/runner/workspace/.cache/pypoetry/virtualenvs/project04-ziSNDrjU-py3.12/lib/python3.12/site-packages/django/db/models/sql/query.py\", line 674, in has_results\n    return compiler.has_results()\n           ^^^^^^^^^^^^^^^^^^^^^^\n  File \"/home/runner/workspace/.cache/pypoetry/virtualenvs/project04-ziSNDrjU-py3.12/lib/python3.12/site-packages/django/db/models/sql/compiler.py\", line 1591, in has_results\n    return bool(self.execute_sql(SINGLE))\n                ^^^^^^^^^^^^^^^^^^^^^^^^\n  File \"/home/runner/workspace/.cache/pypoetry/virtualenvs/project04-ziSNDrjU-py3.12/lib/python3.12/site-packages/django/db/models/sql/compiler.py\", line 1623, in execute_sql\n    cursor.execute(sql, params)\n  File \"/home/runner/workspace/.cache/pypoetry/virtualenvs/project04-ziSNDrjU-py3.12/lib/python3.12/site-packages/django/db/backends/utils.py\", line 122, in execute\n    return super().execute(sql, params)\n           ^^^^^^^^^^^^^^^^^^^^^^^^^^^^\n  File \"/home/runner/workspace/.cache/pypoetry/virtualenvs/project04-ziSNDrjU-py3.12/lib/python3.12/site-packages/django/db/backends/utils.py\", line 79, in execute\n    return self._execute_with_wrappers(\n           ^^^^^^^^^^^^^^^^^^^^^^^^^^^^\n  File \"/home/runner/workspace/.cache/pypoetry/virtualenvs/project04-ziSNDrjU-py3.12/lib/python3.12/site-packages/django/db/backends/utils.py\", line 92, in _execute_with_wrappers\n    return executor(sql, params, many, context)\n           ^^^^^^^^^^^^^^^^^^^^^^^^^^^^^^^^^^^^\n  File \"/home/runner/workspace/.cache/pypoetry/virtualenvs/project04-ziSNDrjU-py3.12/lib/python3.12/site-packages/django/db/backends/utils.py\", line 100, in _execute\n    with self.db.wrap_database_errors:\n         ^^^^^^^^^^^^^^^^^^^^^^^^^^^^\n  File \"/home/runner/workspace/.cache/pypoetry/virtualenvs/project04-ziSNDrjU-py3.12/lib/python3.12/site-packages/django/db/utils.py\", line 91, in __exit__\n    raise dj_exc_value.with_traceback(traceback) from exc_value\n  File \"/home/runner/workspace/.cache/pypoetry/virtualenvs/project04-ziSNDrjU-py3.12/lib/python3.12/site-packages/django/db/backends/utils.py\", line 105, in _execute\n    return self.cursor.execute(sql, params)\n           ^^^^^^^^^^^^^^^^^^^^^^^^^^^^^^^^\n"
    }
},
{
    "model": "django_apscheduler.djangojobexecution",
    "pk": 14,
    "fields": {
        "job": "check_and_send_mailings",
        "status": "Error!",
        "run_time": "2025-10-05T16:34:52.184Z",
        "duration": "0.89",
        "finished": "1759682093.07",
        "exception": "SSL connection has been closed unexpectedly\n",
        "traceback": "  File \"/home/runner/workspace/.cache/pypoetry/virtualenvs/project04-ziSNDrjU-py3.12/lib/python3.12/site-packages/apscheduler/executors/base.py\", line 131, in run_job\n    retval = job.func(*job.args, **job.kwargs)\n             ^^^^^^^^^^^^^^^^^^^^^^^^^^^^^^^^^\n  File \"/home/runner/workspace/apps/mailings/scheduler.py\", line 45, in check_and_send_mailings\n    if not mailings_to_send.exists():\n           ^^^^^^^^^^^^^^^^^^^^^^^^^\n  File \"/home/runner/workspace/.cache/pypoetry/virtualenvs/project04-ziSNDrjU-py3.12/lib/python3.12/site-packages/django/db/models/query.py\", line 1296, in exists\n    return self.query.has_results(using=self.db)\n           ^^^^^^^^^^^^^^^^^^^^^^^^^^^^^^^^^^^^^\n  File \"/home/runner/workspace/.cache/pypoetry/virtualenvs/project04-ziSNDrjU-py3.12/lib/python3.12/site-packages/django/db/models/sql/query.py\", line 674, in has_results\n    return compiler.has_results()\n           ^^^^^^^^^^^^^^^^^^^^^^\n  File \"/home/runner/workspace/.cache/pypoetry/virtualenvs/project04-ziSNDrjU-py3.12/lib/python3.12/site-packages/django/db/models/sql/compiler.py\", line 1591, in has_results\n    return bool(self.execute_sql(SINGLE))\n                ^^^^^^^^^^^^^^^^^^^^^^^^\n  File \"/home/runner/workspace/.cache/pypoetry/virtualenvs/project04-ziSNDrjU-py3.12/lib/python3.12/site-packages/django/db/models/sql/compiler.py\", line 1623, in execute_sql\n    cursor.execute(sql, params)\n  File \"/home/runner/workspace/.cache/pypoetry/virtualenvs/project04-ziSNDrjU-py3.12/lib/python3.12/site-packages/django/db/backends/utils.py\", line 122, in execute\n    return super().execute(sql, params)\n           ^^^^^^^^^^^^^^^^^^^^^^^^^^^^\n  File \"/home/runner/workspace/.cache/pypoetry/virtualenvs/project04-ziSNDrjU-py3.12/lib/python3.12/site-packages/django/db/backends/utils.py\", line 79, in execute\n    return self._execute_with_wrappers(\n           ^^^^^^^^^^^^^^^^^^^^^^^^^^^^\n  File \"/home/runner/workspace/.cache/pypoetry/virtualenvs/project04-ziSNDrjU-py3.12/lib/python3.12/site-packages/django/db/backends/utils.py\", line 92, in _execute_with_wrappers\n    return executor(sql, params, many, context)\n           ^^^^^^^^^^^^^^^^^^^^^^^^^^^^^^^^^^^^\n  File \"/home/runner/workspace/.cache/pypoetry/virtualenvs/project04-ziSNDrjU-py3.12/lib/python3.12/site-packages/django/db/backends/utils.py\", line 100, in _execute\n    with self.db.wrap_database_errors:\n         ^^^^^^^^^^^^^^^^^^^^^^^^^^^^\n  File \"/home/runner/workspace/.cache/pypoetry/virtualenvs/project04-ziSNDrjU-py3.12/lib/python3.12/site-packages/django/db/utils.py\", line 91, in __exit__\n    raise dj_exc_value.with_traceback(traceback) from exc_value\n  File \"/home/runner/workspace/.cache/pypoetry/virtualenvs/project04-ziSNDrjU-py3.12/lib/python3.12/site-packages/django/db/backends/utils.py\", line 105, in _execute\n    return self.cursor.execute(sql, params)\n           ^^^^^^^^^^^^^^^^^^^^^^^^^^^^^^^^\n"
    }
},
{
    "model": "django_apscheduler.djangojobexecution",
    "pk": 15,
    "fields": {
        "job": "check_and_send_mailings",
        "status": "Error!",
        "run_time": "2025-10-05T16:39:52.184Z",
        "duration": "0.86",
        "finished": "1759682393.04",
        "exception": "SSL connection has been closed unexpectedly\n",
        "traceback": "  File \"/home/runner/workspace/.cache/pypoetry/virtualenvs/project04-ziSNDrjU-py3.12/lib/python3.12/site-packages/apscheduler/executors/base.py\", line 131, in run_job\n    retval = job.func(*job.args, **job.kwargs)\n             ^^^^^^^^^^^^^^^^^^^^^^^^^^^^^^^^^\n  File \"/home/runner/workspace/apps/mailings/scheduler.py\", line 45, in check_and_send_mailings\n    if not mailings_to_send.exists():\n           ^^^^^^^^^^^^^^^^^^^^^^^^^\n  File \"/home/runner/workspace/.cache/pypoetry/virtualenvs/project04-ziSNDrjU-py3.12/lib/python3.12/site-packages/django/db/models/query.py\", line 1296, in exists\n    return self.query.has_results(using=self.db)\n           ^^^^^^^^^^^^^^^^^^^^^^^^^^^^^^^^^^^^^\n  File \"/home/runner/workspace/.cache/pypoetry/virtualenvs/project04-ziSNDrjU-py3.12/lib/python3.12/site-packages/django/db/models/sql/query.py\", line 674, in has_results\n    return compiler.has_results()\n           ^^^^^^^^^^^^^^^^^^^^^^\n  File \"/home/runner/workspace/.cache/pypoetry/virtualenvs/project04-ziSNDrjU-py3.12/lib/python3.12/site-packages/django/db/models/sql/compiler.py\", line 1591, in has_results\n    return bool(self.execute_sql(SINGLE))\n                ^^^^^^^^^^^^^^^^^^^^^^^^\n  File \"/home/runner/workspace/.cache/pypoetry/virtualenvs/project04-ziSNDrjU-py3.12/lib/python3.12/site-packages/django/db/models/sql/compiler.py\", line 1623, in execute_sql\n    cursor.execute(sql, params)\n  File \"/home/runner/workspace/.cache/pypoetry/virtualenvs/project04-ziSNDrjU-py3.12/lib/python3.12/site-packages/django/db/backends/utils.py\", line 122, in execute\n    return super().execute(sql, params)\n           ^^^^^^^^^^^^^^^^^^^^^^^^^^^^\n  File \"/home/runner/workspace/.cache/pypoetry/virtualenvs/project04-ziSNDrjU-py3.12/lib/python3.12/site-packages/django/db/backends/utils.py\", line 79, in execute\n    return self._execute_with_wrappers(\n           ^^^^^^^^^^^^^^^^^^^^^^^^^^^^\n  File \"/home/runner/workspace/.cache/pypoetry/virtualenvs/project04-ziSNDrjU-py3.12/lib/python3.12/site-packages/django/db/backends/utils.py\", line 92, in _execute_with_wrappers\n    return executor(sql, params, many, context)\n           ^^^^^^^^^^^^^^^^^^^^^^^^^^^^^^^^^^^^\n  File \"/home/runner/workspace/.cache/pypoetry/virtualenvs/project04-ziSNDrjU-py3.12/lib/python3.12/site-packages/django/db/backends/utils.py\", line 100, in _execute\n    with self.db.wrap_database_errors:\n         ^^^^^^^^^^^^^^^^^^^^^^^^^^^^\n  File \"/home/runner/workspace/.cache/pypoetry/virtualenvs/project04-ziSNDrjU-py3.12/lib/python3.12/site-packages/django/db/utils.py\", line 91, in __exit__\n    raise dj_exc_value.with_traceback(traceback) from exc_value\n  File \"/home/runner/workspace/.cache/pypoetry/virtualenvs/project04-ziSNDrjU-py3.12/lib/python3.12/site-packages/django/db/backends/utils.py\", line 105, in _execute\n    return self.cursor.execute(sql, params)\n           ^^^^^^^^^^^^^^^^^^^^^^^^^^^^^^^^\n"
    }
},
{
    "model": "django_apscheduler.djangojobexecution",
    "pk": 16,
    "fields": {
        "job": "check_and_send_mailings",
        "status": "Error!",
        "run_time": "2025-10-05T16:44:52.184Z",
        "duration": "0.49",
        "finished": "1759682692.68",
        "exception": "SSL connection has been closed unexpectedly\n",
        "traceback": "  File \"/home/runner/workspace/.cache/pypoetry/virtualenvs/project04-ziSNDrjU-py3.12/lib/python3.12/site-packages/apscheduler/executors/base.py\", line 131, in run_job\n    retval = job.func(*job.args, **job.kwargs)\n             ^^^^^^^^^^^^^^^^^^^^^^^^^^^^^^^^^\n  File \"/home/runner/workspace/apps/mailings/scheduler.py\", line 45, in check_and_send_mailings\n    if not mailings_to_send.exists():\n           ^^^^^^^^^^^^^^^^^^^^^^^^^\n  File \"/home/runner/workspace/.cache/pypoetry/virtualenvs/project04-ziSNDrjU-py3.12/lib/python3.12/site-packages/django/db/models/query.py\", line 1296, in exists\n    return self.query.has_results(using=self.db)\n           ^^^^^^^^^^^^^^^^^^^^^^^^^^^^^^^^^^^^^\n  File \"/home/runner/workspace/.cache/pypoetry/virtualenvs/project04-ziSNDrjU-py3.12/lib/python3.12/site-packages/django/db/models/sql/query.py\", line 674, in has_results\n    return compiler.has_results()\n           ^^^^^^^^^^^^^^^^^^^^^^\n  File \"/home/runner/workspace/.cache/pypoetry/virtualenvs/project04-ziSNDrjU-py3.12/lib/python3.12/site-packages/django/db/models/sql/compiler.py\", line 1591, in has_results\n    return bool(self.execute_sql(SINGLE))\n                ^^^^^^^^^^^^^^^^^^^^^^^^\n  File \"/home/runner/workspace/.cache/pypoetry/virtualenvs/project04-ziSNDrjU-py3.12/lib/python3.12/site-packages/django/db/models/sql/compiler.py\", line 1623, in execute_sql\n    cursor.execute(sql, params)\n  File \"/home/runner/workspace/.cache/pypoetry/virtualenvs/project04-ziSNDrjU-py3.12/lib/python3.12/site-packages/django/db/backends/utils.py\", line 122, in execute\n    return super().execute(sql, params)\n           ^^^^^^^^^^^^^^^^^^^^^^^^^^^^\n  File \"/home/runner/workspace/.cache/pypoetry/virtualenvs/project04-ziSNDrjU-py3.12/lib/python3.12/site-packages/django/db/backends/utils.py\", line 79, in execute\n    return self._execute_with_wrappers(\n           ^^^^^^^^^^^^^^^^^^^^^^^^^^^^\n  File \"/home/runner/workspace/.cache/pypoetry/virtualenvs/project04-ziSNDrjU-py3.12/lib/python3.12/site-packages/django/db/backends/utils.py\", line 92, in _execute_with_wrappers\n    return executor(sql, params, many, context)\n           ^^^^^^^^^^^^^^^^^^^^^^^^^^^^^^^^^^^^\n  File \"/home/runner/workspace/.cache/pypoetry/virtualenvs/project04-ziSNDrjU-py3.12/lib/python3.12/site-packages/django/db/backends/utils.py\", line 100, in _execute\n    with self.db.wrap_database_errors:\n         ^^^^^^^^^^^^^^^^^^^^^^^^^^^^\n  File \"/home/runner/workspace/.cache/pypoetry/virtualenvs/project04-ziSNDrjU-py3.12/lib/python3.12/site-packages/django/db/utils.py\", line 91, in __exit__\n    raise dj_exc_value.with_traceback(traceback) from exc_value\n  File \"/home/runner/workspace/.cache/pypoetry/virtualenvs/project04-ziSNDrjU-py3.12/lib/python3.12/site-packages/django/db/backends/utils.py\", line 105, in _execute\n    return self.cursor.execute(sql, params)\n           ^^^^^^^^^^^^^^^^^^^^^^^^^^^^^^^^\n"
    }
},
{
    "model": "django_apscheduler.djangojobexecution",
    "pk": 17,
    "fields": {
        "job": "check_and_send_mailings",
        "status": "Error!",
        "run_time": "2025-10-05T16:49:52.184Z",
        "duration": "0.50",
        "finished": "1759682992.68",
        "exception": "SSL connection has been closed unexpectedly\n",
        "traceback": "  File \"/home/runner/workspace/.cache/pypoetry/virtualenvs/project04-ziSNDrjU-py3.12/lib/python3.12/site-packages/apscheduler/executors/base.py\", line 131, in run_job\n    retval = job.func(*job.args, **job.kwargs)\n             ^^^^^^^^^^^^^^^^^^^^^^^^^^^^^^^^^\n  File \"/home/runner/workspace/apps/mailings/scheduler.py\", line 45, in check_and_send_mailings\n    if not mailings_to_send.exists():\n           ^^^^^^^^^^^^^^^^^^^^^^^^^\n  File \"/home/runner/workspace/.cache/pypoetry/virtualenvs/project04-ziSNDrjU-py3.12/lib/python3.12/site-packages/django/db/models/query.py\", line 1296, in exists\n    return self.query.has_results(using=self.db)\n           ^^^^^^^^^^^^^^^^^^^^^^^^^^^^^^^^^^^^^\n  File \"/home/runner/workspace/.cache/pypoetry/virtualenvs/project04-ziSNDrjU-py3.12/lib/python3.12/site-packages/django/db/models/sql/query.py\", line 674, in has_results\n    return compiler.has_results()\n           ^^^^^^^^^^^^^^^^^^^^^^\n  File \"/home/runner/workspace/.cache/pypoetry/virtualenvs/project04-ziSNDrjU-py3.12/lib/python3.12/site-packages/django/db/models/sql/compiler.py\", line 1591, in has_results\n    return bool(self.execute_sql(SINGLE))\n                ^^^^^^^^^^^^^^^^^^^^^^^^\n  File \"/home/runner/workspace/.cache/pypoetry/virtualenvs/project04-ziSNDrjU-py3.12/lib/python3.12/site-packages/django/db/models/sql/compiler.py\", line 1623, in execute_sql\n    cursor.execute(sql, params)\n  File \"/home/runner/workspace/.cache/pypoetry/virtualenvs/project04-ziSNDrjU-py3.12/lib/python3.12/site-packages/django/db/backends/utils.py\", line 122, in execute\n    return super().execute(sql, params)\n           ^^^^^^^^^^^^^^^^^^^^^^^^^^^^\n  File \"/home/runner/workspace/.cache/pypoetry/virtualenvs/project04-ziSNDrjU-py3.12/lib/python3.12/site-packages/django/db/backends/utils.py\", line 79, in execute\n    return self._execute_with_wrappers(\n           ^^^^^^^^^^^^^^^^^^^^^^^^^^^^\n  File \"/home/runner/workspace/.cache/pypoetry/virtualenvs/project04-ziSNDrjU-py3.12/lib/python3.12/site-packages/django/db/backends/utils.py\", line 92, in _execute_with_wrappers\n    return executor(sql, params, many, context)\n           ^^^^^^^^^^^^^^^^^^^^^^^^^^^^^^^^^^^^\n  File \"/home/runner/workspace/.cache/pypoetry/virtualenvs/project04-ziSNDrjU-py3.12/lib/python3.12/site-packages/django/db/backends/utils.py\", line 100, in _execute\n    with self.db.wrap_database_errors:\n         ^^^^^^^^^^^^^^^^^^^^^^^^^^^^\n  File \"/home/runner/workspace/.cache/pypoetry/virtualenvs/project04-ziSNDrjU-py3.12/lib/python3.12/site-packages/django/db/utils.py\", line 91, in __exit__\n    raise dj_exc_value.with_traceback(traceback) from exc_value\n  File \"/home/runner/workspace/.cache/pypoetry/virtualenvs/project04-ziSNDrjU-py3.12/lib/python3.12/site-packages/django/db/backends/utils.py\", line 105, in _execute\n    return self.cursor.execute(sql, params)\n           ^^^^^^^^^^^^^^^^^^^^^^^^^^^^^^^^\n"
    }
},
{
    "model": "django_apscheduler.djangojobexecution",
    "pk": 18,
    "fields": {
        "job": "check_and_send_mailings",
        "status": "Missed!",
        "run_time": "2025-10-05T16:54:52.184Z",
        "duration": "5.53",
        "finished": "1759683297.72",
        "exception": "Run time of job 'check_and_send_mailings' was missed!",
        "traceback": null
    }
},
{
    "model": "django_apscheduler.djangojobexecution",
    "pk": 19,
    "fields": {
        "job": "check_and_send_mailings",
        "status": "Executed",
        "run_time": "2025-10-05T17:08:40.333Z",
        "duration": "1.01",
        "finished": "1759684121.35",
        "exception": null,
        "traceback": null
    }
},
{
    "model": "django_apscheduler.djangojobexecution",
    "pk": 20,
    "fields": {
        "job": "check_and_send_mailings",
        "status": "Executed",
        "run_time": "2025-10-05T17:22:08.028Z",
        "duration": "3.36",
        "finished": "1759684931.39",
        "exception": null,
        "traceback": null
    }
},
{
    "model": "django_apscheduler.djangojobexecution",
    "pk": 21,
    "fields": {
        "job": "check_and_send_mailings",
        "status": "Error!",
        "run_time": "2025-10-05T17:27:08.028Z",
        "duration": "0.50",
        "finished": "1759685228.52",
        "exception": "SSL connection has been closed unexpectedly\n",
        "traceback": "  File \"/home/runner/workspace/.cache/pypoetry/virtualenvs/project04-ziSNDrjU-py3.12/lib/python3.12/site-packages/apscheduler/executors/base.py\", line 131, in run_job\n    retval = job.func(*job.args, **job.kwargs)\n             ^^^^^^^^^^^^^^^^^^^^^^^^^^^^^^^^^\n  File \"/home/runner/workspace/apps/mailings/scheduler.py\", line 45, in check_and_send_mailings\n    if not mailings_to_send.exists():\n           ^^^^^^^^^^^^^^^^^^^^^^^^^\n  File \"/home/runner/workspace/.cache/pypoetry/virtualenvs/project04-ziSNDrjU-py3.12/lib/python3.12/site-packages/django/db/models/query.py\", line 1296, in exists\n    return self.query.has_results(using=self.db)\n           ^^^^^^^^^^^^^^^^^^^^^^^^^^^^^^^^^^^^^\n  File \"/home/runner/workspace/.cache/pypoetry/virtualenvs/project04-ziSNDrjU-py3.12/lib/python3.12/site-packages/django/db/models/sql/query.py\", line 674, in has_results\n    return compiler.has_results()\n           ^^^^^^^^^^^^^^^^^^^^^^\n  File \"/home/runner/workspace/.cache/pypoetry/virtualenvs/project04-ziSNDrjU-py3.12/lib/python3.12/site-packages/django/db/models/sql/compiler.py\", line 1591, in has_results\n    return bool(self.execute_sql(SINGLE))\n                ^^^^^^^^^^^^^^^^^^^^^^^^\n  File \"/home/runner/workspace/.cache/pypoetry/virtualenvs/project04-ziSNDrjU-py3.12/lib/python3.12/site-packages/django/db/models/sql/compiler.py\", line 1623, in execute_sql\n    cursor.execute(sql, params)\n  File \"/home/runner/workspace/.cache/pypoetry/virtualenvs/project04-ziSNDrjU-py3.12/lib/python3.12/site-packages/django/db/backends/utils.py\", line 122, in execute\n    return super().execute(sql, params)\n           ^^^^^^^^^^^^^^^^^^^^^^^^^^^^\n  File \"/home/runner/workspace/.cache/pypoetry/virtualenvs/project04-ziSNDrjU-py3.12/lib/python3.12/site-packages/django/db/backends/utils.py\", line 79, in execute\n    return self._execute_with_wrappers(\n           ^^^^^^^^^^^^^^^^^^^^^^^^^^^^\n  File \"/home/runner/workspace/.cache/pypoetry/virtualenvs/project04-ziSNDrjU-py3.12/lib/python3.12/site-packages/django/db/backends/utils.py\", line 92, in _execute_with_wrappers\n    return executor(sql, params, many, context)\n           ^^^^^^^^^^^^^^^^^^^^^^^^^^^^^^^^^^^^\n  File \"/home/runner/workspace/.cache/pypoetry/virtualenvs/project04-ziSNDrjU-py3.12/lib/python3.12/site-packages/django/db/backends/utils.py\", line 100, in _execute\n    with self.db.wrap_database_errors:\n         ^^^^^^^^^^^^^^^^^^^^^^^^^^^^\n  File \"/home/runner/workspace/.cache/pypoetry/virtualenvs/project04-ziSNDrjU-py3.12/lib/python3.12/site-packages/django/db/utils.py\", line 91, in __exit__\n    raise dj_exc_value.with_traceback(traceback) from exc_value\n  File \"/home/runner/workspace/.cache/pypoetry/virtualenvs/project04-ziSNDrjU-py3.12/lib/python3.12/site-packages/django/db/backends/utils.py\", line 105, in _execute\n    return self.cursor.execute(sql, params)\n           ^^^^^^^^^^^^^^^^^^^^^^^^^^^^^^^^\n"
    }
},
{
    "model": "django_apscheduler.djangojobexecution",
    "pk": 22,
    "fields": {
        "job": "check_and_send_mailings",
        "status": "Executed",
        "run_time": "2025-10-05T17:32:08.028Z",
        "duration": "0.12",
        "finished": "1759685528.15",
        "exception": null,
        "traceback": null
    }
},
{
    "model": "django_apscheduler.djangojobexecution",
    "pk": 23,
    "fields": {
        "job": "check_and_send_mailings",
        "status": "Executed",
        "run_time": "2025-10-05T17:39:03.921Z",
        "duration": "1.36",
        "finished": "1759685945.28",
        "exception": null,
        "traceback": null
    }
},
{
    "model": "django_apscheduler.djangojobexecution",
    "pk": 24,
    "fields": {
        "job": "check_and_send_mailings",
        "status": "Missed!",
        "run_time": "2025-10-05T17:44:03.921Z",
        "duration": "5.54",
        "finished": "1759686249.46",
        "exception": "Run time of job 'check_and_send_mailings' was missed!",
        "traceback": null
    }
},
{
    "model": "django_apscheduler.djangojobexecution",
    "pk": 25,
    "fields": {
        "job": "check_and_send_mailings",
        "status": "Executed",
        "run_time": "2025-10-05T18:00:04.239Z",
        "duration": "1.04",
        "finished": "1759687205.28",
        "exception": null,
        "traceback": null
    }
},
{
    "model": "django_apscheduler.djangojobexecution",
    "pk": 26,
    "fields": {
        "job": "check_and_send_mailings",
        "status": "Error!",
        "run_time": "2025-10-05T18:05:04.239Z",
        "duration": "0.49",
        "finished": "1759687504.73",
        "exception": "SSL connection has been closed unexpectedly\n",
        "traceback": "  File \"/home/runner/workspace/.cache/pypoetry/virtualenvs/project04-ziSNDrjU-py3.12/lib/python3.12/site-packages/apscheduler/executors/base.py\", line 131, in run_job\n    retval = job.func(*job.args, **job.kwargs)\n             ^^^^^^^^^^^^^^^^^^^^^^^^^^^^^^^^^\n  File \"/home/runner/workspace/apps/mailings/scheduler.py\", line 45, in check_and_send_mailings\n    if not mailings_to_send.exists():\n           ^^^^^^^^^^^^^^^^^^^^^^^^^\n  File \"/home/runner/workspace/.cache/pypoetry/virtualenvs/project04-ziSNDrjU-py3.12/lib/python3.12/site-packages/django/db/models/query.py\", line 1296, in exists\n    return self.query.has_results(using=self.db)\n           ^^^^^^^^^^^^^^^^^^^^^^^^^^^^^^^^^^^^^\n  File \"/home/runner/workspace/.cache/pypoetry/virtualenvs/project04-ziSNDrjU-py3.12/lib/python3.12/site-packages/django/db/models/sql/query.py\", line 674, in has_results\n    return compiler.has_results()\n           ^^^^^^^^^^^^^^^^^^^^^^\n  File \"/home/runner/workspace/.cache/pypoetry/virtualenvs/project04-ziSNDrjU-py3.12/lib/python3.12/site-packages/django/db/models/sql/compiler.py\", line 1591, in has_results\n    return bool(self.execute_sql(SINGLE))\n                ^^^^^^^^^^^^^^^^^^^^^^^^\n  File \"/home/runner/workspace/.cache/pypoetry/virtualenvs/project04-ziSNDrjU-py3.12/lib/python3.12/site-packages/django/db/models/sql/compiler.py\", line 1623, in execute_sql\n    cursor.execute(sql, params)\n  File \"/home/runner/workspace/.cache/pypoetry/virtualenvs/project04-ziSNDrjU-py3.12/lib/python3.12/site-packages/django/db/backends/utils.py\", line 122, in execute\n    return super().execute(sql, params)\n           ^^^^^^^^^^^^^^^^^^^^^^^^^^^^\n  File \"/home/runner/workspace/.cache/pypoetry/virtualenvs/project04-ziSNDrjU-py3.12/lib/python3.12/site-packages/django/db/backends/utils.py\", line 79, in execute\n    return self._execute_with_wrappers(\n           ^^^^^^^^^^^^^^^^^^^^^^^^^^^^\n  File \"/home/runner/workspace/.cache/pypoetry/virtualenvs/project04-ziSNDrjU-py3.12/lib/python3.12/site-packages/django/db/backends/utils.py\", line 92, in _execute_with_wrappers\n    return executor(sql, params, many, context)\n           ^^^^^^^^^^^^^^^^^^^^^^^^^^^^^^^^^^^^\n  File \"/home/runner/workspace/.cache/pypoetry/virtualenvs/project04-ziSNDrjU-py3.12/lib/python3.12/site-packages/django/db/backends/utils.py\", line 100, in _execute\n    with self.db.wrap_database_errors:\n         ^^^^^^^^^^^^^^^^^^^^^^^^^^^^\n  File \"/home/runner/workspace/.cache/pypoetry/virtualenvs/project04-ziSNDrjU-py3.12/lib/python3.12/site-packages/django/db/utils.py\", line 91, in __exit__\n    raise dj_exc_value.with_traceback(traceback) from exc_value\n  File \"/home/runner/workspace/.cache/pypoetry/virtualenvs/project04-ziSNDrjU-py3.12/lib/python3.12/site-packages/django/db/backends/utils.py\", line 105, in _execute\n    return self.cursor.execute(sql, params)\n           ^^^^^^^^^^^^^^^^^^^^^^^^^^^^^^^^\n"
    }
},
{
    "model": "django_apscheduler.djangojobexecution",
    "pk": 27,
    "fields": {
        "job": "check_and_send_mailings",
        "status": "Error!",
        "run_time": "2025-10-05T18:10:04.239Z",
        "duration": "0.55",
        "finished": "1759687804.79",
        "exception": "SSL connection has been closed unexpectedly\n",
        "traceback": "  File \"/home/runner/workspace/.cache/pypoetry/virtualenvs/project04-ziSNDrjU-py3.12/lib/python3.12/site-packages/apscheduler/executors/base.py\", line 131, in run_job\n    retval = job.func(*job.args, **job.kwargs)\n             ^^^^^^^^^^^^^^^^^^^^^^^^^^^^^^^^^\n  File \"/home/runner/workspace/apps/mailings/scheduler.py\", line 45, in check_and_send_mailings\n    if not mailings_to_send.exists():\n           ^^^^^^^^^^^^^^^^^^^^^^^^^\n  File \"/home/runner/workspace/.cache/pypoetry/virtualenvs/project04-ziSNDrjU-py3.12/lib/python3.12/site-packages/django/db/models/query.py\", line 1296, in exists\n    return self.query.has_results(using=self.db)\n           ^^^^^^^^^^^^^^^^^^^^^^^^^^^^^^^^^^^^^\n  File \"/home/runner/workspace/.cache/pypoetry/virtualenvs/project04-ziSNDrjU-py3.12/lib/python3.12/site-packages/django/db/models/sql/query.py\", line 674, in has_results\n    return compiler.has_results()\n           ^^^^^^^^^^^^^^^^^^^^^^\n  File \"/home/runner/workspace/.cache/pypoetry/virtualenvs/project04-ziSNDrjU-py3.12/lib/python3.12/site-packages/django/db/models/sql/compiler.py\", line 1591, in has_results\n    return bool(self.execute_sql(SINGLE))\n                ^^^^^^^^^^^^^^^^^^^^^^^^\n  File \"/home/runner/workspace/.cache/pypoetry/virtualenvs/project04-ziSNDrjU-py3.12/lib/python3.12/site-packages/django/db/models/sql/compiler.py\", line 1623, in execute_sql\n    cursor.execute(sql, params)\n  File \"/home/runner/workspace/.cache/pypoetry/virtualenvs/project04-ziSNDrjU-py3.12/lib/python3.12/site-packages/django/db/backends/utils.py\", line 122, in execute\n    return super().execute(sql, params)\n           ^^^^^^^^^^^^^^^^^^^^^^^^^^^^\n  File \"/home/runner/workspace/.cache/pypoetry/virtualenvs/project04-ziSNDrjU-py3.12/lib/python3.12/site-packages/django/db/backends/utils.py\", line 79, in execute\n    return self._execute_with_wrappers(\n           ^^^^^^^^^^^^^^^^^^^^^^^^^^^^\n  File \"/home/runner/workspace/.cache/pypoetry/virtualenvs/project04-ziSNDrjU-py3.12/lib/python3.12/site-packages/django/db/backends/utils.py\", line 92, in _execute_with_wrappers\n    return executor(sql, params, many, context)\n           ^^^^^^^^^^^^^^^^^^^^^^^^^^^^^^^^^^^^\n  File \"/home/runner/workspace/.cache/pypoetry/virtualenvs/project04-ziSNDrjU-py3.12/lib/python3.12/site-packages/django/db/backends/utils.py\", line 100, in _execute\n    with self.db.wrap_database_errors:\n         ^^^^^^^^^^^^^^^^^^^^^^^^^^^^\n  File \"/home/runner/workspace/.cache/pypoetry/virtualenvs/project04-ziSNDrjU-py3.12/lib/python3.12/site-packages/django/db/utils.py\", line 91, in __exit__\n    raise dj_exc_value.with_traceback(traceback) from exc_value\n  File \"/home/runner/workspace/.cache/pypoetry/virtualenvs/project04-ziSNDrjU-py3.12/lib/python3.12/site-packages/django/db/backends/utils.py\", line 105, in _execute\n    return self.cursor.execute(sql, params)\n           ^^^^^^^^^^^^^^^^^^^^^^^^^^^^^^^^\n"
    }
},
{
    "model": "django_apscheduler.djangojobexecution",
    "pk": 28,
    "fields": {
        "job": "check_and_send_mailings",
        "status": "Executed",
        "run_time": "2025-10-05T18:16:38.914Z",
        "duration": "3.92",
        "finished": "1759688202.83",
        "exception": null,
        "traceback": null
    }
},
{
    "model": "django_apscheduler.djangojobexecution",
    "pk": 29,
    "fields": {
        "job": "check_and_send_mailings",
        "status": "Missed!",
        "run_time": "2025-10-05T18:21:38.914Z",
        "duration": "3.53",
        "finished": "1759688502.44",
        "exception": "Run time of job 'check_and_send_mailings' was missed!",
        "traceback": null
    }
},
{
    "model": "django_apscheduler.djangojobexecution",
    "pk": 30,
    "fields": {
        "job": "check_and_send_mailings",
        "status": "Executed",
        "run_time": "2025-10-05T18:58:07.819Z",
        "duration": "0.69",
        "finished": "1759690688.51",
        "exception": null,
        "traceback": null
    }
},
{
    "model": "django_apscheduler.djangojobexecution",
    "pk": 31,
    "fields": {
        "job": "check_and_send_mailings",
        "status": "Missed!",
        "run_time": "2025-10-05T19:03:07.819Z",
        "duration": "3.50",
        "finished": "1759690991.32",
        "exception": "Run time of job 'check_and_send_mailings' was missed!",
        "traceback": null
    }
},
{
    "model": "django_apscheduler.djangojobexecution",
    "pk": 32,
    "fields": {
        "job": "check_and_send_mailings",
        "status": "Error!",
        "run_time": "2025-10-05T19:08:07.819Z",
        "duration": "0.86",
        "finished": "1759691288.68",
        "exception": "SSL connection has been closed unexpectedly\n",
        "traceback": "  File \"/home/runner/workspace/.cache/pypoetry/virtualenvs/project04-ziSNDrjU-py3.12/lib/python3.12/site-packages/apscheduler/executors/base.py\", line 131, in run_job\n    retval = job.func(*job.args, **job.kwargs)\n             ^^^^^^^^^^^^^^^^^^^^^^^^^^^^^^^^^\n  File \"/home/runner/workspace/apps/mailings/scheduler.py\", line 37, in check_and_send_mailings\n    _send_pending_mailings(now)\n  File \"/home/runner/workspace/apps/mailings/scheduler.py\", line 59, in _send_pending_mailings\n    if not mailings_to_send.exists():\n           ^^^^^^^^^^^^^^^^^^^^^^^^^\n  File \"/home/runner/workspace/.cache/pypoetry/virtualenvs/project04-ziSNDrjU-py3.12/lib/python3.12/site-packages/django/db/models/query.py\", line 1296, in exists\n    return self.query.has_results(using=self.db)\n           ^^^^^^^^^^^^^^^^^^^^^^^^^^^^^^^^^^^^^\n  File \"/home/runner/workspace/.cache/pypoetry/virtualenvs/project04-ziSNDrjU-py3.12/lib/python3.12/site-packages/django/db/models/sql/query.py\", line 674, in has_results\n    return compiler.has_results()\n           ^^^^^^^^^^^^^^^^^^^^^^\n  File \"/home/runner/workspace/.cache/pypoetry/virtualenvs/project04-ziSNDrjU-py3.12/lib/python3.12/site-packages/django/db/models/sql/compiler.py\", line 1591, in has_results\n    return bool(self.execute_sql(SINGLE))\n                ^^^^^^^^^^^^^^^^^^^^^^^^\n  File \"/home/runner/workspace/.cache/pypoetry/virtualenvs/project04-ziSNDrjU-py3.12/lib/python3.12/site-packages/django/db/models/sql/compiler.py\", line 1623, in execute_sql\n    cursor.execute(sql, params)\n  File \"/home/runner/workspace/.cache/pypoetry/virtualenvs/project04-ziSNDrjU-py3.12/lib/python3.12/site-packages/django/db/backends/utils.py\", line 122, in execute\n    return super().execute(sql, params)\n           ^^^^^^^^^^^^^^^^^^^^^^^^^^^^\n  File \"/home/runner/workspace/.cache/pypoetry/virtualenvs/project04-ziSNDrjU-py3.12/lib/python3.12/site-packages/django/db/backends/utils.py\", line 79, in execute\n    return self._execute_with_wrappers(\n           ^^^^^^^^^^^^^^^^^^^^^^^^^^^^\n  File \"/home/runner/workspace/.cache/pypoetry/virtualenvs/project04-ziSNDrjU-py3.12/lib/python3.12/site-packages/django/db/backends/utils.py\", line 92, in _execute_with_wrappers\n    return executor(sql, params, many, context)\n           ^^^^^^^^^^^^^^^^^^^^^^^^^^^^^^^^^^^^\n  File \"/home/runner/workspace/.cache/pypoetry/virtualenvs/project04-ziSNDrjU-py3.12/lib/python3.12/site-packages/django/db/backends/utils.py\", line 100, in _execute\n    with self.db.wrap_database_errors:\n         ^^^^^^^^^^^^^^^^^^^^^^^^^^^^\n  File \"/home/runner/workspace/.cache/pypoetry/virtualenvs/project04-ziSNDrjU-py3.12/lib/python3.12/site-packages/django/db/utils.py\", line 91, in __exit__\n    raise dj_exc_value.with_traceback(traceback) from exc_value\n  File \"/home/runner/workspace/.cache/pypoetry/virtualenvs/project04-ziSNDrjU-py3.12/lib/python3.12/site-packages/django/db/backends/utils.py\", line 105, in _execute\n    return self.cursor.execute(sql, params)\n           ^^^^^^^^^^^^^^^^^^^^^^^^^^^^^^^^\n"
    }
},
{
    "model": "django_apscheduler.djangojobexecution",
    "pk": 33,
    "fields": {
        "job": "check_and_send_mailings",
        "status": "Error!",
        "run_time": "2025-10-05T19:13:07.819Z",
        "duration": "0.85",
        "finished": "1759691588.67",
        "exception": "SSL connection has been closed unexpectedly\n",
        "traceback": "  File \"/home/runner/workspace/.cache/pypoetry/virtualenvs/project04-ziSNDrjU-py3.12/lib/python3.12/site-packages/apscheduler/executors/base.py\", line 131, in run_job\n    retval = job.func(*job.args, **job.kwargs)\n             ^^^^^^^^^^^^^^^^^^^^^^^^^^^^^^^^^\n  File \"/home/runner/workspace/apps/mailings/scheduler.py\", line 37, in check_and_send_mailings\n    _send_pending_mailings(now)\n  File \"/home/runner/workspace/apps/mailings/scheduler.py\", line 59, in _send_pending_mailings\n    if not mailings_to_send.exists():\n           ^^^^^^^^^^^^^^^^^^^^^^^^^\n  File \"/home/runner/workspace/.cache/pypoetry/virtualenvs/project04-ziSNDrjU-py3.12/lib/python3.12/site-packages/django/db/models/query.py\", line 1296, in exists\n    return self.query.has_results(using=self.db)\n           ^^^^^^^^^^^^^^^^^^^^^^^^^^^^^^^^^^^^^\n  File \"/home/runner/workspace/.cache/pypoetry/virtualenvs/project04-ziSNDrjU-py3.12/lib/python3.12/site-packages/django/db/models/sql/query.py\", line 674, in has_results\n    return compiler.has_results()\n           ^^^^^^^^^^^^^^^^^^^^^^\n  File \"/home/runner/workspace/.cache/pypoetry/virtualenvs/project04-ziSNDrjU-py3.12/lib/python3.12/site-packages/django/db/models/sql/compiler.py\", line 1591, in has_results\n    return bool(self.execute_sql(SINGLE))\n                ^^^^^^^^^^^^^^^^^^^^^^^^\n  File \"/home/runner/workspace/.cache/pypoetry/virtualenvs/project04-ziSNDrjU-py3.12/lib/python3.12/site-packages/django/db/models/sql/compiler.py\", line 1623, in execute_sql\n    cursor.execute(sql, params)\n  File \"/home/runner/workspace/.cache/pypoetry/virtualenvs/project04-ziSNDrjU-py3.12/lib/python3.12/site-packages/django/db/backends/utils.py\", line 122, in execute\n    return super().execute(sql, params)\n           ^^^^^^^^^^^^^^^^^^^^^^^^^^^^\n  File \"/home/runner/workspace/.cache/pypoetry/virtualenvs/project04-ziSNDrjU-py3.12/lib/python3.12/site-packages/django/db/backends/utils.py\", line 79, in execute\n    return self._execute_with_wrappers(\n           ^^^^^^^^^^^^^^^^^^^^^^^^^^^^\n  File \"/home/runner/workspace/.cache/pypoetry/virtualenvs/project04-ziSNDrjU-py3.12/lib/python3.12/site-packages/django/db/backends/utils.py\", line 92, in _execute_with_wrappers\n    return executor(sql, params, many, context)\n           ^^^^^^^^^^^^^^^^^^^^^^^^^^^^^^^^^^^^\n  File \"/home/runner/workspace/.cache/pypoetry/virtualenvs/project04-ziSNDrjU-py3.12/lib/python3.12/site-packages/django/db/backends/utils.py\", line 100, in _execute\n    with self.db.wrap_database_errors:\n         ^^^^^^^^^^^^^^^^^^^^^^^^^^^^\n  File \"/home/runner/workspace/.cache/pypoetry/virtualenvs/project04-ziSNDrjU-py3.12/lib/python3.12/site-packages/django/db/utils.py\", line 91, in __exit__\n    raise dj_exc_value.with_traceback(traceback) from exc_value\n  File \"/home/runner/workspace/.cache/pypoetry/virtualenvs/project04-ziSNDrjU-py3.12/lib/python3.12/site-packages/django/db/backends/utils.py\", line 105, in _execute\n    return self.cursor.execute(sql, params)\n           ^^^^^^^^^^^^^^^^^^^^^^^^^^^^^^^^\n"
    }
},
{
    "model": "django_apscheduler.djangojobexecution",
    "pk": 34,
    "fields": {
        "job": "check_and_send_mailings",
        "status": "Error!",
        "run_time": "2025-10-05T19:18:07.819Z",
        "duration": "0.48",
        "finished": "1759691888.30",
        "exception": "SSL connection has been closed unexpectedly\n",
        "traceback": "  File \"/home/runner/workspace/.cache/pypoetry/virtualenvs/project04-ziSNDrjU-py3.12/lib/python3.12/site-packages/apscheduler/executors/base.py\", line 131, in run_job\n    retval = job.func(*job.args, **job.kwargs)\n             ^^^^^^^^^^^^^^^^^^^^^^^^^^^^^^^^^\n  File \"/home/runner/workspace/apps/mailings/scheduler.py\", line 37, in check_and_send_mailings\n    _send_pending_mailings(now)\n  File \"/home/runner/workspace/apps/mailings/scheduler.py\", line 59, in _send_pending_mailings\n    if not mailings_to_send.exists():\n           ^^^^^^^^^^^^^^^^^^^^^^^^^\n  File \"/home/runner/workspace/.cache/pypoetry/virtualenvs/project04-ziSNDrjU-py3.12/lib/python3.12/site-packages/django/db/models/query.py\", line 1296, in exists\n    return self.query.has_results(using=self.db)\n           ^^^^^^^^^^^^^^^^^^^^^^^^^^^^^^^^^^^^^\n  File \"/home/runner/workspace/.cache/pypoetry/virtualenvs/project04-ziSNDrjU-py3.12/lib/python3.12/site-packages/django/db/models/sql/query.py\", line 674, in has_results\n    return compiler.has_results()\n           ^^^^^^^^^^^^^^^^^^^^^^\n  File \"/home/runner/workspace/.cache/pypoetry/virtualenvs/project04-ziSNDrjU-py3.12/lib/python3.12/site-packages/django/db/models/sql/compiler.py\", line 1591, in has_results\n    return bool(self.execute_sql(SINGLE))\n                ^^^^^^^^^^^^^^^^^^^^^^^^\n  File \"/home/runner/workspace/.cache/pypoetry/virtualenvs/project04-ziSNDrjU-py3.12/lib/python3.12/site-packages/django/db/models/sql/compiler.py\", line 1623, in execute_sql\n    cursor.execute(sql, params)\n  File \"/home/runner/workspace/.cache/pypoetry/virtualenvs/project04-ziSNDrjU-py3.12/lib/python3.12/site-packages/django/db/backends/utils.py\", line 122, in execute\n    return super().execute(sql, params)\n           ^^^^^^^^^^^^^^^^^^^^^^^^^^^^\n  File \"/home/runner/workspace/.cache/pypoetry/virtualenvs/project04-ziSNDrjU-py3.12/lib/python3.12/site-packages/django/db/backends/utils.py\", line 79, in execute\n    return self._execute_with_wrappers(\n           ^^^^^^^^^^^^^^^^^^^^^^^^^^^^\n  File \"/home/runner/workspace/.cache/pypoetry/virtualenvs/project04-ziSNDrjU-py3.12/lib/python3.12/site-packages/django/db/backends/utils.py\", line 92, in _execute_with_wrappers\n    return executor(sql, params, many, context)\n           ^^^^^^^^^^^^^^^^^^^^^^^^^^^^^^^^^^^^\n  File \"/home/runner/workspace/.cache/pypoetry/virtualenvs/project04-ziSNDrjU-py3.12/lib/python3.12/site-packages/django/db/backends/utils.py\", line 100, in _execute\n    with self.db.wrap_database_errors:\n         ^^^^^^^^^^^^^^^^^^^^^^^^^^^^\n  File \"/home/runner/workspace/.cache/pypoetry/virtualenvs/project04-ziSNDrjU-py3.12/lib/python3.12/site-packages/django/db/utils.py\", line 91, in __exit__\n    raise dj_exc_value.with_traceback(traceback) from exc_value\n  File \"/home/runner/workspace/.cache/pypoetry/virtualenvs/project04-ziSNDrjU-py3.12/lib/python3.12/site-packages/django/db/backends/utils.py\", line 105, in _execute\n    return self.cursor.execute(sql, params)\n           ^^^^^^^^^^^^^^^^^^^^^^^^^^^^^^^^\n"
    }
},
{
    "model": "django_apscheduler.djangojobexecution",
    "pk": 35,
    "fields": {
        "job": "check_and_send_mailings",
        "status": "Missed!",
        "run_time": "2025-10-05T19:23:07.819Z",
        "duration": "3.27",
        "finished": "1759692191.09",
        "exception": "Run time of job 'check_and_send_mailings' was missed!",
        "traceback": null
    }
},
{
    "model": "django_apscheduler.djangojobexecution",
    "pk": 36,
    "fields": {
        "job": "check_and_send_mailings",
        "status": "Error!",
        "run_time": "2025-10-05T19:28:07.819Z",
        "duration": "0.51",
        "finished": "1759692488.33",
        "exception": "SSL connection has been closed unexpectedly\n",
        "traceback": "  File \"/home/runner/workspace/.cache/pypoetry/virtualenvs/project04-ziSNDrjU-py3.12/lib/python3.12/site-packages/apscheduler/executors/base.py\", line 131, in run_job\n    retval = job.func(*job.args, **job.kwargs)\n             ^^^^^^^^^^^^^^^^^^^^^^^^^^^^^^^^^\n  File \"/home/runner/workspace/apps/mailings/scheduler.py\", line 37, in check_and_send_mailings\n    _send_pending_mailings(now)\n  File \"/home/runner/workspace/apps/mailings/scheduler.py\", line 59, in _send_pending_mailings\n    if not mailings_to_send.exists():\n           ^^^^^^^^^^^^^^^^^^^^^^^^^\n  File \"/home/runner/workspace/.cache/pypoetry/virtualenvs/project04-ziSNDrjU-py3.12/lib/python3.12/site-packages/django/db/models/query.py\", line 1296, in exists\n    return self.query.has_results(using=self.db)\n           ^^^^^^^^^^^^^^^^^^^^^^^^^^^^^^^^^^^^^\n  File \"/home/runner/workspace/.cache/pypoetry/virtualenvs/project04-ziSNDrjU-py3.12/lib/python3.12/site-packages/django/db/models/sql/query.py\", line 674, in has_results\n    return compiler.has_results()\n           ^^^^^^^^^^^^^^^^^^^^^^\n  File \"/home/runner/workspace/.cache/pypoetry/virtualenvs/project04-ziSNDrjU-py3.12/lib/python3.12/site-packages/django/db/models/sql/compiler.py\", line 1591, in has_results\n    return bool(self.execute_sql(SINGLE))\n                ^^^^^^^^^^^^^^^^^^^^^^^^\n  File \"/home/runner/workspace/.cache/pypoetry/virtualenvs/project04-ziSNDrjU-py3.12/lib/python3.12/site-packages/django/db/models/sql/compiler.py\", line 1623, in execute_sql\n    cursor.execute(sql, params)\n  File \"/home/runner/workspace/.cache/pypoetry/virtualenvs/project04-ziSNDrjU-py3.12/lib/python3.12/site-packages/django/db/backends/utils.py\", line 122, in execute\n    return super().execute(sql, params)\n           ^^^^^^^^^^^^^^^^^^^^^^^^^^^^\n  File \"/home/runner/workspace/.cache/pypoetry/virtualenvs/project04-ziSNDrjU-py3.12/lib/python3.12/site-packages/django/db/backends/utils.py\", line 79, in execute\n    return self._execute_with_wrappers(\n           ^^^^^^^^^^^^^^^^^^^^^^^^^^^^\n  File \"/home/runner/workspace/.cache/pypoetry/virtualenvs/project04-ziSNDrjU-py3.12/lib/python3.12/site-packages/django/db/backends/utils.py\", line 92, in _execute_with_wrappers\n    return executor(sql, params, many, context)\n           ^^^^^^^^^^^^^^^^^^^^^^^^^^^^^^^^^^^^\n  File \"/home/runner/workspace/.cache/pypoetry/virtualenvs/project04-ziSNDrjU-py3.12/lib/python3.12/site-packages/django/db/backends/utils.py\", line 100, in _execute\n    with self.db.wrap_database_errors:\n         ^^^^^^^^^^^^^^^^^^^^^^^^^^^^\n  File \"/home/runner/workspace/.cache/pypoetry/virtualenvs/project04-ziSNDrjU-py3.12/lib/python3.12/site-packages/django/db/utils.py\", line 91, in __exit__\n    raise dj_exc_value.with_traceback(traceback) from exc_value\n  File \"/home/runner/workspace/.cache/pypoetry/virtualenvs/project04-ziSNDrjU-py3.12/lib/python3.12/site-packages/django/db/backends/utils.py\", line 105, in _execute\n    return self.cursor.execute(sql, params)\n           ^^^^^^^^^^^^^^^^^^^^^^^^^^^^^^^^\n"
    }
},
{
    "model": "django_apscheduler.djangojobexecution",
    "pk": 37,
    "fields": {
        "job": "check_and_send_mailings",
        "status": "Missed!",
        "run_time": "2025-10-05T19:33:07.819Z",
        "duration": "3.47",
        "finished": "1759692791.29",
        "exception": "Run time of job 'check_and_send_mailings' was missed!",
        "traceback": null
    }
},
{
    "model": "django_apscheduler.djangojobexecution",
    "pk": 38,
    "fields": {
        "job": "check_and_send_mailings",
        "status": "Error!",
        "run_time": "2025-10-05T19:41:06.327Z",
        "duration": "0.06",
        "finished": "1759693266.39",
        "exception": "SSL connection has been closed unexpectedly\n",
        "traceback": "  File \"/home/runner/workspace/.cache/pypoetry/virtualenvs/project04-ziSNDrjU-py3.12/lib/python3.12/site-packages/apscheduler/executors/base.py\", line 131, in run_job\n    retval = job.func(*job.args, **job.kwargs)\n             ^^^^^^^^^^^^^^^^^^^^^^^^^^^^^^^^^\n  File \"/home/runner/workspace/apps/mailings/scheduler.py\", line 37, in check_and_send_mailings\n    _send_pending_mailings(now)\n  File \"/home/runner/workspace/apps/mailings/scheduler.py\", line 59, in _send_pending_mailings\n    if not mailings_to_send.exists():\n           ^^^^^^^^^^^^^^^^^^^^^^^^^\n  File \"/home/runner/workspace/.cache/pypoetry/virtualenvs/project04-ziSNDrjU-py3.12/lib/python3.12/site-packages/django/db/models/query.py\", line 1296, in exists\n    return self.query.has_results(using=self.db)\n           ^^^^^^^^^^^^^^^^^^^^^^^^^^^^^^^^^^^^^\n  File \"/home/runner/workspace/.cache/pypoetry/virtualenvs/project04-ziSNDrjU-py3.12/lib/python3.12/site-packages/django/db/models/sql/query.py\", line 674, in has_results\n    return compiler.has_results()\n           ^^^^^^^^^^^^^^^^^^^^^^\n  File \"/home/runner/workspace/.cache/pypoetry/virtualenvs/project04-ziSNDrjU-py3.12/lib/python3.12/site-packages/django/db/models/sql/compiler.py\", line 1591, in has_results\n    return bool(self.execute_sql(SINGLE))\n                ^^^^^^^^^^^^^^^^^^^^^^^^\n  File \"/home/runner/workspace/.cache/pypoetry/virtualenvs/project04-ziSNDrjU-py3.12/lib/python3.12/site-packages/django/db/models/sql/compiler.py\", line 1623, in execute_sql\n    cursor.execute(sql, params)\n  File \"/home/runner/workspace/.cache/pypoetry/virtualenvs/project04-ziSNDrjU-py3.12/lib/python3.12/site-packages/django/db/backends/utils.py\", line 122, in execute\n    return super().execute(sql, params)\n           ^^^^^^^^^^^^^^^^^^^^^^^^^^^^\n  File \"/home/runner/workspace/.cache/pypoetry/virtualenvs/project04-ziSNDrjU-py3.12/lib/python3.12/site-packages/django/db/backends/utils.py\", line 79, in execute\n    return self._execute_with_wrappers(\n           ^^^^^^^^^^^^^^^^^^^^^^^^^^^^\n  File \"/home/runner/workspace/.cache/pypoetry/virtualenvs/project04-ziSNDrjU-py3.12/lib/python3.12/site-packages/django/db/backends/utils.py\", line 92, in _execute_with_wrappers\n    return executor(sql, params, many, context)\n           ^^^^^^^^^^^^^^^^^^^^^^^^^^^^^^^^^^^^\n  File \"/home/runner/workspace/.cache/pypoetry/virtualenvs/project04-ziSNDrjU-py3.12/lib/python3.12/site-packages/django/db/backends/utils.py\", line 100, in _execute\n    with self.db.wrap_database_errors:\n         ^^^^^^^^^^^^^^^^^^^^^^^^^^^^\n  File \"/home/runner/workspace/.cache/pypoetry/virtualenvs/project04-ziSNDrjU-py3.12/lib/python3.12/site-packages/django/db/utils.py\", line 91, in __exit__\n    raise dj_exc_value.with_traceback(traceback) from exc_value\n  File \"/home/runner/workspace/.cache/pypoetry/virtualenvs/project04-ziSNDrjU-py3.12/lib/python3.12/site-packages/django/db/backends/utils.py\", line 105, in _execute\n    return self.cursor.execute(sql, params)\n           ^^^^^^^^^^^^^^^^^^^^^^^^^^^^^^^^\n"
    }
},
{
    "model": "django_apscheduler.djangojobexecution",
    "pk": 39,
    "fields": {
        "job": "check_and_send_mailings",
        "status": "Error!",
        "run_time": "2025-10-05T19:46:06.327Z",
        "duration": "0.83",
        "finished": "1759693567.16",
        "exception": "SSL connection has been closed unexpectedly\n",
        "traceback": "  File \"/home/runner/workspace/.cache/pypoetry/virtualenvs/project04-ziSNDrjU-py3.12/lib/python3.12/site-packages/apscheduler/executors/base.py\", line 131, in run_job\n    retval = job.func(*job.args, **job.kwargs)\n             ^^^^^^^^^^^^^^^^^^^^^^^^^^^^^^^^^\n  File \"/home/runner/workspace/apps/mailings/scheduler.py\", line 37, in check_and_send_mailings\n    _send_pending_mailings(now)\n  File \"/home/runner/workspace/apps/mailings/scheduler.py\", line 59, in _send_pending_mailings\n    if not mailings_to_send.exists():\n           ^^^^^^^^^^^^^^^^^^^^^^^^^\n  File \"/home/runner/workspace/.cache/pypoetry/virtualenvs/project04-ziSNDrjU-py3.12/lib/python3.12/site-packages/django/db/models/query.py\", line 1296, in exists\n    return self.query.has_results(using=self.db)\n           ^^^^^^^^^^^^^^^^^^^^^^^^^^^^^^^^^^^^^\n  File \"/home/runner/workspace/.cache/pypoetry/virtualenvs/project04-ziSNDrjU-py3.12/lib/python3.12/site-packages/django/db/models/sql/query.py\", line 674, in has_results\n    return compiler.has_results()\n           ^^^^^^^^^^^^^^^^^^^^^^\n  File \"/home/runner/workspace/.cache/pypoetry/virtualenvs/project04-ziSNDrjU-py3.12/lib/python3.12/site-packages/django/db/models/sql/compiler.py\", line 1591, in has_results\n    return bool(self.execute_sql(SINGLE))\n                ^^^^^^^^^^^^^^^^^^^^^^^^\n  File \"/home/runner/workspace/.cache/pypoetry/virtualenvs/project04-ziSNDrjU-py3.12/lib/python3.12/site-packages/django/db/models/sql/compiler.py\", line 1623, in execute_sql\n    cursor.execute(sql, params)\n  File \"/home/runner/workspace/.cache/pypoetry/virtualenvs/project04-ziSNDrjU-py3.12/lib/python3.12/site-packages/django/db/backends/utils.py\", line 122, in execute\n    return super().execute(sql, params)\n           ^^^^^^^^^^^^^^^^^^^^^^^^^^^^\n  File \"/home/runner/workspace/.cache/pypoetry/virtualenvs/project04-ziSNDrjU-py3.12/lib/python3.12/site-packages/django/db/backends/utils.py\", line 79, in execute\n    return self._execute_with_wrappers(\n           ^^^^^^^^^^^^^^^^^^^^^^^^^^^^\n  File \"/home/runner/workspace/.cache/pypoetry/virtualenvs/project04-ziSNDrjU-py3.12/lib/python3.12/site-packages/django/db/backends/utils.py\", line 92, in _execute_with_wrappers\n    return executor(sql, params, many, context)\n           ^^^^^^^^^^^^^^^^^^^^^^^^^^^^^^^^^^^^\n  File \"/home/runner/workspace/.cache/pypoetry/virtualenvs/project04-ziSNDrjU-py3.12/lib/python3.12/site-packages/django/db/backends/utils.py\", line 100, in _execute\n    with self.db.wrap_database_errors:\n         ^^^^^^^^^^^^^^^^^^^^^^^^^^^^\n  File \"/home/runner/workspace/.cache/pypoetry/virtualenvs/project04-ziSNDrjU-py3.12/lib/python3.12/site-packages/django/db/utils.py\", line 91, in __exit__\n    raise dj_exc_value.with_traceback(traceback) from exc_value\n  File \"/home/runner/workspace/.cache/pypoetry/virtualenvs/project04-ziSNDrjU-py3.12/lib/python3.12/site-packages/django/db/backends/utils.py\", line 105, in _execute\n    return self.cursor.execute(sql, params)\n           ^^^^^^^^^^^^^^^^^^^^^^^^^^^^^^^^\n"
    }
},
{
    "model": "django_apscheduler.djangojobexecution",
    "pk": 40,
    "fields": {
        "job": "check_and_send_mailings",
        "status": "Error!",
        "run_time": "2025-10-05T19:51:06.327Z",
        "duration": "0.90",
        "finished": "1759693867.22",
        "exception": "SSL connection has been closed unexpectedly\n",
        "traceback": "  File \"/home/runner/workspace/.cache/pypoetry/virtualenvs/project04-ziSNDrjU-py3.12/lib/python3.12/site-packages/apscheduler/executors/base.py\", line 131, in run_job\n    retval = job.func(*job.args, **job.kwargs)\n             ^^^^^^^^^^^^^^^^^^^^^^^^^^^^^^^^^\n  File \"/home/runner/workspace/apps/mailings/scheduler.py\", line 37, in check_and_send_mailings\n    _send_pending_mailings(now)\n  File \"/home/runner/workspace/apps/mailings/scheduler.py\", line 59, in _send_pending_mailings\n    if not mailings_to_send.exists():\n           ^^^^^^^^^^^^^^^^^^^^^^^^^\n  File \"/home/runner/workspace/.cache/pypoetry/virtualenvs/project04-ziSNDrjU-py3.12/lib/python3.12/site-packages/django/db/models/query.py\", line 1296, in exists\n    return self.query.has_results(using=self.db)\n           ^^^^^^^^^^^^^^^^^^^^^^^^^^^^^^^^^^^^^\n  File \"/home/runner/workspace/.cache/pypoetry/virtualenvs/project04-ziSNDrjU-py3.12/lib/python3.12/site-packages/django/db/models/sql/query.py\", line 674, in has_results\n    return compiler.has_results()\n           ^^^^^^^^^^^^^^^^^^^^^^\n  File \"/home/runner/workspace/.cache/pypoetry/virtualenvs/project04-ziSNDrjU-py3.12/lib/python3.12/site-packages/django/db/models/sql/compiler.py\", line 1591, in has_results\n    return bool(self.execute_sql(SINGLE))\n                ^^^^^^^^^^^^^^^^^^^^^^^^\n  File \"/home/runner/workspace/.cache/pypoetry/virtualenvs/project04-ziSNDrjU-py3.12/lib/python3.12/site-packages/django/db/models/sql/compiler.py\", line 1623, in execute_sql\n    cursor.execute(sql, params)\n  File \"/home/runner/workspace/.cache/pypoetry/virtualenvs/project04-ziSNDrjU-py3.12/lib/python3.12/site-packages/django/db/backends/utils.py\", line 122, in execute\n    return super().execute(sql, params)\n           ^^^^^^^^^^^^^^^^^^^^^^^^^^^^\n  File \"/home/runner/workspace/.cache/pypoetry/virtualenvs/project04-ziSNDrjU-py3.12/lib/python3.12/site-packages/django/db/backends/utils.py\", line 79, in execute\n    return self._execute_with_wrappers(\n           ^^^^^^^^^^^^^^^^^^^^^^^^^^^^\n  File \"/home/runner/workspace/.cache/pypoetry/virtualenvs/project04-ziSNDrjU-py3.12/lib/python3.12/site-packages/django/db/backends/utils.py\", line 92, in _execute_with_wrappers\n    return executor(sql, params, many, context)\n           ^^^^^^^^^^^^^^^^^^^^^^^^^^^^^^^^^^^^\n  File \"/home/runner/workspace/.cache/pypoetry/virtualenvs/project04-ziSNDrjU-py3.12/lib/python3.12/site-packages/django/db/backends/utils.py\", line 100, in _execute\n    with self.db.wrap_database_errors:\n         ^^^^^^^^^^^^^^^^^^^^^^^^^^^^\n  File \"/home/runner/workspace/.cache/pypoetry/virtualenvs/project04-ziSNDrjU-py3.12/lib/python3.12/site-packages/django/db/utils.py\", line 91, in __exit__\n    raise dj_exc_value.with_traceback(traceback) from exc_value\n  File \"/home/runner/workspace/.cache/pypoetry/virtualenvs/project04-ziSNDrjU-py3.12/lib/python3.12/site-packages/django/db/backends/utils.py\", line 105, in _execute\n    return self.cursor.execute(sql, params)\n           ^^^^^^^^^^^^^^^^^^^^^^^^^^^^^^^^\n"
    }
},
{
    "model": "django_apscheduler.djangojobexecution",
    "pk": 41,
    "fields": {
        "job": "check_and_send_mailings",
        "status": "Error!",
        "run_time": "2025-10-05T19:57:02.078Z",
        "duration": "0.06",
        "finished": "1759694222.14",
        "exception": "SSL connection has been closed unexpectedly\n",
        "traceback": "  File \"/home/runner/workspace/.cache/pypoetry/virtualenvs/project04-ziSNDrjU-py3.12/lib/python3.12/site-packages/apscheduler/executors/base.py\", line 131, in run_job\n    retval = job.func(*job.args, **job.kwargs)\n             ^^^^^^^^^^^^^^^^^^^^^^^^^^^^^^^^^\n  File \"/home/runner/workspace/apps/mailings/scheduler.py\", line 37, in check_and_send_mailings\n    _send_pending_mailings(now)\n  File \"/home/runner/workspace/apps/mailings/scheduler.py\", line 59, in _send_pending_mailings\n    if not mailings_to_send.exists():\n           ^^^^^^^^^^^^^^^^^^^^^^^^^\n  File \"/home/runner/workspace/.cache/pypoetry/virtualenvs/project04-ziSNDrjU-py3.12/lib/python3.12/site-packages/django/db/models/query.py\", line 1296, in exists\n    return self.query.has_results(using=self.db)\n           ^^^^^^^^^^^^^^^^^^^^^^^^^^^^^^^^^^^^^\n  File \"/home/runner/workspace/.cache/pypoetry/virtualenvs/project04-ziSNDrjU-py3.12/lib/python3.12/site-packages/django/db/models/sql/query.py\", line 674, in has_results\n    return compiler.has_results()\n           ^^^^^^^^^^^^^^^^^^^^^^\n  File \"/home/runner/workspace/.cache/pypoetry/virtualenvs/project04-ziSNDrjU-py3.12/lib/python3.12/site-packages/django/db/models/sql/compiler.py\", line 1591, in has_results\n    return bool(self.execute_sql(SINGLE))\n                ^^^^^^^^^^^^^^^^^^^^^^^^\n  File \"/home/runner/workspace/.cache/pypoetry/virtualenvs/project04-ziSNDrjU-py3.12/lib/python3.12/site-packages/django/db/models/sql/compiler.py\", line 1623, in execute_sql\n    cursor.execute(sql, params)\n  File \"/home/runner/workspace/.cache/pypoetry/virtualenvs/project04-ziSNDrjU-py3.12/lib/python3.12/site-packages/django/db/backends/utils.py\", line 122, in execute\n    return super().execute(sql, params)\n           ^^^^^^^^^^^^^^^^^^^^^^^^^^^^\n  File \"/home/runner/workspace/.cache/pypoetry/virtualenvs/project04-ziSNDrjU-py3.12/lib/python3.12/site-packages/django/db/backends/utils.py\", line 79, in execute\n    return self._execute_with_wrappers(\n           ^^^^^^^^^^^^^^^^^^^^^^^^^^^^\n  File \"/home/runner/workspace/.cache/pypoetry/virtualenvs/project04-ziSNDrjU-py3.12/lib/python3.12/site-packages/django/db/backends/utils.py\", line 92, in _execute_with_wrappers\n    return executor(sql, params, many, context)\n           ^^^^^^^^^^^^^^^^^^^^^^^^^^^^^^^^^^^^\n  File \"/home/runner/workspace/.cache/pypoetry/virtualenvs/project04-ziSNDrjU-py3.12/lib/python3.12/site-packages/django/db/backends/utils.py\", line 100, in _execute\n    with self.db.wrap_database_errors:\n         ^^^^^^^^^^^^^^^^^^^^^^^^^^^^\n  File \"/home/runner/workspace/.cache/pypoetry/virtualenvs/project04-ziSNDrjU-py3.12/lib/python3.12/site-packages/django/db/utils.py\", line 91, in __exit__\n    raise dj_exc_value.with_traceback(traceback) from exc_value\n  File \"/home/runner/workspace/.cache/pypoetry/virtualenvs/project04-ziSNDrjU-py3.12/lib/python3.12/site-packages/django/db/backends/utils.py\", line 105, in _execute\n    return self.cursor.execute(sql, params)\n           ^^^^^^^^^^^^^^^^^^^^^^^^^^^^^^^^\n"
    }
},
{
    "model": "django_apscheduler.djangojobexecution",
    "pk": 42,
    "fields": {
        "job": "check_and_send_mailings",
        "status": "Missed!",
        "run_time": "2025-10-05T20:02:02.078Z",
        "duration": "5.67",
        "finished": "1759694527.75",
        "exception": "Run time of job 'check_and_send_mailings' was missed!",
        "traceback": null
    }
},
{
    "model": "django_apscheduler.djangojobexecution",
    "pk": 43,
    "fields": {
        "job": "check_and_send_mailings",
        "status": "Executed",
        "run_time": "2025-10-05T20:22:59.969Z",
        "duration": "0.60",
        "finished": "1759695780.57",
        "exception": null,
        "traceback": null
    }
},
{
    "model": "django_apscheduler.djangojobexecution",
    "pk": 44,
    "fields": {
        "job": "check_and_send_mailings",
        "status": "Executed",
        "run_time": "2025-10-05T20:30:41.862Z",
        "duration": "2.33",
        "finished": "1759696244.20",
        "exception": null,
        "traceback": null
    }
},
{
    "model": "django_apscheduler.djangojobexecution",
    "pk": 45,
    "fields": {
        "job": "check_and_send_mailings",
        "status": "Executed",
        "run_time": "2025-10-05T20:35:41.862Z",
        "duration": "0.92",
        "finished": "1759696542.78",
        "exception": null,
        "traceback": null
    }
},
{
    "model": "django_apscheduler.djangojobexecution",
    "pk": 46,
    "fields": {
        "job": "check_and_send_mailings",
        "status": "Error!",
        "run_time": "2025-10-05T20:40:41.862Z",
        "duration": "0.57",
        "finished": "1759696842.43",
        "exception": "SSL connection has been closed unexpectedly\n",
        "traceback": "  File \"/home/runner/workspace/.cache/pypoetry/virtualenvs/project04-ziSNDrjU-py3.12/lib/python3.12/site-packages/apscheduler/executors/base.py\", line 131, in run_job\n    retval = job.func(*job.args, **job.kwargs)\n             ^^^^^^^^^^^^^^^^^^^^^^^^^^^^^^^^^\n  File \"/home/runner/workspace/apps/mailings/scheduler.py\", line 37, in check_and_send_mailings\n    _send_pending_mailings(now)\n  File \"/home/runner/workspace/apps/mailings/scheduler.py\", line 59, in _send_pending_mailings\n    if not mailings_to_send.exists():\n           ^^^^^^^^^^^^^^^^^^^^^^^^^\n  File \"/home/runner/workspace/.cache/pypoetry/virtualenvs/project04-ziSNDrjU-py3.12/lib/python3.12/site-packages/django/db/models/query.py\", line 1296, in exists\n    return self.query.has_results(using=self.db)\n           ^^^^^^^^^^^^^^^^^^^^^^^^^^^^^^^^^^^^^\n  File \"/home/runner/workspace/.cache/pypoetry/virtualenvs/project04-ziSNDrjU-py3.12/lib/python3.12/site-packages/django/db/models/sql/query.py\", line 674, in has_results\n    return compiler.has_results()\n           ^^^^^^^^^^^^^^^^^^^^^^\n  File \"/home/runner/workspace/.cache/pypoetry/virtualenvs/project04-ziSNDrjU-py3.12/lib/python3.12/site-packages/django/db/models/sql/compiler.py\", line 1591, in has_results\n    return bool(self.execute_sql(SINGLE))\n                ^^^^^^^^^^^^^^^^^^^^^^^^\n  File \"/home/runner/workspace/.cache/pypoetry/virtualenvs/project04-ziSNDrjU-py3.12/lib/python3.12/site-packages/django/db/models/sql/compiler.py\", line 1623, in execute_sql\n    cursor.execute(sql, params)\n  File \"/home/runner/workspace/.cache/pypoetry/virtualenvs/project04-ziSNDrjU-py3.12/lib/python3.12/site-packages/django/db/backends/utils.py\", line 122, in execute\n    return super().execute(sql, params)\n           ^^^^^^^^^^^^^^^^^^^^^^^^^^^^\n  File \"/home/runner/workspace/.cache/pypoetry/virtualenvs/project04-ziSNDrjU-py3.12/lib/python3.12/site-packages/django/db/backends/utils.py\", line 79, in execute\n    return self._execute_with_wrappers(\n           ^^^^^^^^^^^^^^^^^^^^^^^^^^^^\n  File \"/home/runner/workspace/.cache/pypoetry/virtualenvs/project04-ziSNDrjU-py3.12/lib/python3.12/site-packages/django/db/backends/utils.py\", line 92, in _execute_with_wrappers\n    return executor(sql, params, many, context)\n           ^^^^^^^^^^^^^^^^^^^^^^^^^^^^^^^^^^^^\n  File \"/home/runner/workspace/.cache/pypoetry/virtualenvs/project04-ziSNDrjU-py3.12/lib/python3.12/site-packages/django/db/backends/utils.py\", line 100, in _execute\n    with self.db.wrap_database_errors:\n         ^^^^^^^^^^^^^^^^^^^^^^^^^^^^\n  File \"/home/runner/workspace/.cache/pypoetry/virtualenvs/project04-ziSNDrjU-py3.12/lib/python3.12/site-packages/django/db/utils.py\", line 91, in __exit__\n    raise dj_exc_value.with_traceback(traceback) from exc_value\n  File \"/home/runner/workspace/.cache/pypoetry/virtualenvs/project04-ziSNDrjU-py3.12/lib/python3.12/site-packages/django/db/backends/utils.py\", line 105, in _execute\n    return self.cursor.execute(sql, params)\n           ^^^^^^^^^^^^^^^^^^^^^^^^^^^^^^^^\n"
    }
},
{
    "model": "django_apscheduler.djangojobexecution",
    "pk": 47,
    "fields": {
        "job": "check_and_send_mailings",
        "status": "Executed",
        "run_time": "2025-10-05T20:46:47.485Z",
        "duration": "2.51",
        "finished": "1759697210.00",
        "exception": null,
        "traceback": null
    }
},
{
    "model": "django_apscheduler.djangojobexecution",
    "pk": 48,
    "fields": {
        "job": "check_and_send_mailings",
        "status": "Missed!",
        "run_time": "2025-10-05T20:53:38.089Z",
        "duration": "1.28",
        "finished": "1759697619.37",
        "exception": "Run time of job 'check_and_send_mailings' was missed!",
        "traceback": null
    }
},
{
    "model": "django_apscheduler.djangojobexecution",
    "pk": 49,
    "fields": {
        "job": "check_and_send_mailings",
        "status": "Missed!",
        "run_time": "2025-10-05T20:54:04.547Z",
        "duration": "1.26",
        "finished": "1759697645.81",
        "exception": "Run time of job 'check_and_send_mailings' was missed!",
        "traceback": null
    }
},
{
    "model": "django_apscheduler.djangojobexecution",
    "pk": 50,
    "fields": {
        "job": "check_and_send_mailings",
        "status": "Missed!",
        "run_time": "2025-10-05T20:57:15.684Z",
        "duration": "3.68",
        "finished": "1759697839.37",
        "exception": "Run time of job 'check_and_send_mailings' was missed!",
        "traceback": null
    }
},
{
    "model": "django_apscheduler.djangojobexecution",
    "pk": 51,
    "fields": {
        "job": "check_and_send_mailings",
        "status": "Missed!",
        "run_time": "2025-10-05T20:57:31.989Z",
        "duration": "1.31",
        "finished": "1759697853.30",
        "exception": "Run time of job 'check_and_send_mailings' was missed!",
        "traceback": null
    }
},
{
    "model": "django_apscheduler.djangojobexecution",
    "pk": 52,
    "fields": {
        "job": "check_and_send_mailings",
        "status": "Missed!",
        "run_time": "2025-10-05T20:58:56.837Z",
        "duration": "1.30",
        "finished": "1759697938.13",
        "exception": "Run time of job 'check_and_send_mailings' was missed!",
        "traceback": null
    }
},
{
    "model": "django_apscheduler.djangojobexecution",
    "pk": 53,
    "fields": {
        "job": "check_and_send_mailings",
        "status": "Missed!",
        "run_time": "2025-10-05T20:59:47.733Z",
        "duration": "1.27",
        "finished": "1759697989.00",
        "exception": "Run time of job 'check_and_send_mailings' was missed!",
        "traceback": null
    }
},
{
    "model": "django_apscheduler.djangojobexecution",
    "pk": 54,
    "fields": {
        "job": "check_and_send_mailings",
        "status": "Error!",
        "run_time": "2025-10-05T21:04:47.733Z",
        "duration": "0.83",
        "finished": "1759698288.57",
        "exception": "SSL connection has been closed unexpectedly\n",
        "traceback": "  File \"/home/runner/workspace/.cache/pypoetry/virtualenvs/project04-ziSNDrjU-py3.12/lib/python3.12/site-packages/apscheduler/executors/base.py\", line 131, in run_job\n    retval = job.func(*job.args, **job.kwargs)\n             ^^^^^^^^^^^^^^^^^^^^^^^^^^^^^^^^^\n  File \"/home/runner/workspace/apps/mailings/scheduler.py\", line 41, in check_and_send_mailings\n    _send_pending_mailings(now)\n  File \"/home/runner/workspace/apps/mailings/scheduler.py\", line 63, in _send_pending_mailings\n    if not mailings_to_send.exists():\n           ^^^^^^^^^^^^^^^^^^^^^^^^^\n  File \"/home/runner/workspace/.cache/pypoetry/virtualenvs/project04-ziSNDrjU-py3.12/lib/python3.12/site-packages/django/db/models/query.py\", line 1296, in exists\n    return self.query.has_results(using=self.db)\n           ^^^^^^^^^^^^^^^^^^^^^^^^^^^^^^^^^^^^^\n  File \"/home/runner/workspace/.cache/pypoetry/virtualenvs/project04-ziSNDrjU-py3.12/lib/python3.12/site-packages/django/db/models/sql/query.py\", line 674, in has_results\n    return compiler.has_results()\n           ^^^^^^^^^^^^^^^^^^^^^^\n  File \"/home/runner/workspace/.cache/pypoetry/virtualenvs/project04-ziSNDrjU-py3.12/lib/python3.12/site-packages/django/db/models/sql/compiler.py\", line 1591, in has_results\n    return bool(self.execute_sql(SINGLE))\n                ^^^^^^^^^^^^^^^^^^^^^^^^\n  File \"/home/runner/workspace/.cache/pypoetry/virtualenvs/project04-ziSNDrjU-py3.12/lib/python3.12/site-packages/django/db/models/sql/compiler.py\", line 1623, in execute_sql\n    cursor.execute(sql, params)\n  File \"/home/runner/workspace/.cache/pypoetry/virtualenvs/project04-ziSNDrjU-py3.12/lib/python3.12/site-packages/django/db/backends/utils.py\", line 122, in execute\n    return super().execute(sql, params)\n           ^^^^^^^^^^^^^^^^^^^^^^^^^^^^\n  File \"/home/runner/workspace/.cache/pypoetry/virtualenvs/project04-ziSNDrjU-py3.12/lib/python3.12/site-packages/django/db/backends/utils.py\", line 79, in execute\n    return self._execute_with_wrappers(\n           ^^^^^^^^^^^^^^^^^^^^^^^^^^^^\n  File \"/home/runner/workspace/.cache/pypoetry/virtualenvs/project04-ziSNDrjU-py3.12/lib/python3.12/site-packages/django/db/backends/utils.py\", line 92, in _execute_with_wrappers\n    return executor(sql, params, many, context)\n           ^^^^^^^^^^^^^^^^^^^^^^^^^^^^^^^^^^^^\n  File \"/home/runner/workspace/.cache/pypoetry/virtualenvs/project04-ziSNDrjU-py3.12/lib/python3.12/site-packages/django/db/backends/utils.py\", line 100, in _execute\n    with self.db.wrap_database_errors:\n         ^^^^^^^^^^^^^^^^^^^^^^^^^^^^\n  File \"/home/runner/workspace/.cache/pypoetry/virtualenvs/project04-ziSNDrjU-py3.12/lib/python3.12/site-packages/django/db/utils.py\", line 91, in __exit__\n    raise dj_exc_value.with_traceback(traceback) from exc_value\n  File \"/home/runner/workspace/.cache/pypoetry/virtualenvs/project04-ziSNDrjU-py3.12/lib/python3.12/site-packages/django/db/backends/utils.py\", line 105, in _execute\n    return self.cursor.execute(sql, params)\n           ^^^^^^^^^^^^^^^^^^^^^^^^^^^^^^^^\n"
    }
},
{
    "model": "django_apscheduler.djangojobexecution",
    "pk": 55,
    "fields": {
        "job": "check_and_send_mailings",
        "status": "Missed!",
        "run_time": "2025-10-05T21:06:33.240Z",
        "duration": "1.30",
        "finished": "1759698394.54",
        "exception": "Run time of job 'check_and_send_mailings' was missed!",
        "traceback": null
    }
},
{
    "model": "django_apscheduler.djangojobexecution",
    "pk": 56,
    "fields": {
        "job": "check_and_send_mailings",
        "status": "Missed!",
        "run_time": "2025-10-05T21:08:50.176Z",
        "duration": "3.65",
        "finished": "1759698533.83",
        "exception": "Run time of job 'check_and_send_mailings' was missed!",
        "traceback": null
    }
},
{
    "model": "django_apscheduler.djangojobexecution",
    "pk": 57,
    "fields": {
        "job": "check_and_send_mailings",
        "status": "Missed!",
        "run_time": "2025-10-05T21:11:37.884Z",
        "duration": "5.72",
        "finished": "1759698703.60",
        "exception": "Run time of job 'check_and_send_mailings' was missed!",
        "traceback": null
    }
},
{
    "model": "django_apscheduler.djangojobexecution",
    "pk": 58,
    "fields": {
        "job": "check_and_send_mailings",
        "status": "Missed!",
        "run_time": "2025-10-05T21:13:45.882Z",
        "duration": "1.29",
        "finished": "1759698827.18",
        "exception": "Run time of job 'check_and_send_mailings' was missed!",
        "traceback": null
    }
},
{
    "model": "django_apscheduler.djangojobexecution",
    "pk": 59,
    "fields": {
        "job": "check_and_send_mailings",
        "status": "Missed!",
        "run_time": "2025-10-05T21:18:45.882Z",
        "duration": "3.62",
        "finished": "1759699129.51",
        "exception": "Run time of job 'check_and_send_mailings' was missed!",
        "traceback": null
    }
},
{
    "model": "django_apscheduler.djangojobexecution",
    "pk": 60,
    "fields": {
        "job": "check_and_send_mailings",
        "status": "Error!",
        "run_time": "2025-10-05T21:23:45.882Z",
        "duration": "0.85",
        "finished": "1759699426.73",
        "exception": "SSL connection has been closed unexpectedly\n",
        "traceback": "  File \"/home/runner/workspace/.cache/pypoetry/virtualenvs/project04-ziSNDrjU-py3.12/lib/python3.12/site-packages/apscheduler/executors/base.py\", line 131, in run_job\n    retval = job.func(*job.args, **job.kwargs)\n             ^^^^^^^^^^^^^^^^^^^^^^^^^^^^^^^^^\n  File \"/home/runner/workspace/apps/mailings/scheduler.py\", line 41, in check_and_send_mailings\n    _send_pending_mailings(now)\n  File \"/home/runner/workspace/apps/mailings/scheduler.py\", line 63, in _send_pending_mailings\n    if not mailings_to_send.exists():\n           ^^^^^^^^^^^^^^^^^^^^^^^^^\n  File \"/home/runner/workspace/.cache/pypoetry/virtualenvs/project04-ziSNDrjU-py3.12/lib/python3.12/site-packages/django/db/models/query.py\", line 1296, in exists\n    return self.query.has_results(using=self.db)\n           ^^^^^^^^^^^^^^^^^^^^^^^^^^^^^^^^^^^^^\n  File \"/home/runner/workspace/.cache/pypoetry/virtualenvs/project04-ziSNDrjU-py3.12/lib/python3.12/site-packages/django/db/models/sql/query.py\", line 674, in has_results\n    return compiler.has_results()\n           ^^^^^^^^^^^^^^^^^^^^^^\n  File \"/home/runner/workspace/.cache/pypoetry/virtualenvs/project04-ziSNDrjU-py3.12/lib/python3.12/site-packages/django/db/models/sql/compiler.py\", line 1591, in has_results\n    return bool(self.execute_sql(SINGLE))\n                ^^^^^^^^^^^^^^^^^^^^^^^^\n  File \"/home/runner/workspace/.cache/pypoetry/virtualenvs/project04-ziSNDrjU-py3.12/lib/python3.12/site-packages/django/db/models/sql/compiler.py\", line 1623, in execute_sql\n    cursor.execute(sql, params)\n  File \"/home/runner/workspace/.cache/pypoetry/virtualenvs/project04-ziSNDrjU-py3.12/lib/python3.12/site-packages/django/db/backends/utils.py\", line 122, in execute\n    return super().execute(sql, params)\n           ^^^^^^^^^^^^^^^^^^^^^^^^^^^^\n  File \"/home/runner/workspace/.cache/pypoetry/virtualenvs/project04-ziSNDrjU-py3.12/lib/python3.12/site-packages/django/db/backends/utils.py\", line 79, in execute\n    return self._execute_with_wrappers(\n           ^^^^^^^^^^^^^^^^^^^^^^^^^^^^\n  File \"/home/runner/workspace/.cache/pypoetry/virtualenvs/project04-ziSNDrjU-py3.12/lib/python3.12/site-packages/django/db/backends/utils.py\", line 92, in _execute_with_wrappers\n    return executor(sql, params, many, context)\n           ^^^^^^^^^^^^^^^^^^^^^^^^^^^^^^^^^^^^\n  File \"/home/runner/workspace/.cache/pypoetry/virtualenvs/project04-ziSNDrjU-py3.12/lib/python3.12/site-packages/django/db/backends/utils.py\", line 100, in _execute\n    with self.db.wrap_database_errors:\n         ^^^^^^^^^^^^^^^^^^^^^^^^^^^^\n  File \"/home/runner/workspace/.cache/pypoetry/virtualenvs/project04-ziSNDrjU-py3.12/lib/python3.12/site-packages/django/db/utils.py\", line 91, in __exit__\n    raise dj_exc_value.with_traceback(traceback) from exc_value\n  File \"/home/runner/workspace/.cache/pypoetry/virtualenvs/project04-ziSNDrjU-py3.12/lib/python3.12/site-packages/django/db/backends/utils.py\", line 105, in _execute\n    return self.cursor.execute(sql, params)\n           ^^^^^^^^^^^^^^^^^^^^^^^^^^^^^^^^\n"
    }
},
{
    "model": "django_apscheduler.djangojobexecution",
    "pk": 61,
    "fields": {
        "job": "check_and_send_mailings",
        "status": "Missed!",
        "run_time": "2025-10-05T21:27:53.024Z",
        "duration": "3.71",
        "finished": "1759699676.73",
        "exception": "Run time of job 'check_and_send_mailings' was missed!",
        "traceback": null
    }
},
{
    "model": "django_apscheduler.djangojobexecution",
    "pk": 62,
    "fields": {
        "job": "check_and_send_mailings",
        "status": "Missed!",
        "run_time": "2025-10-05T21:28:16.316Z",
        "duration": "1.27",
        "finished": "1759699697.59",
        "exception": "Run time of job 'check_and_send_mailings' was missed!",
        "traceback": null
    }
},
{
    "model": "django_apscheduler.djangojobexecution",
    "pk": 63,
    "fields": {
        "job": "check_and_send_mailings",
        "status": "Missed!",
        "run_time": "2025-10-05T21:28:59.341Z",
        "duration": "1.35",
        "finished": "1759699740.69",
        "exception": "Run time of job 'check_and_send_mailings' was missed!",
        "traceback": null
    }
},
{
    "model": "django_apscheduler.djangojobexecution",
    "pk": 64,
    "fields": {
        "job": "check_and_send_mailings",
        "status": "Missed!",
        "run_time": "2025-10-05T21:29:04.187Z",
        "duration": "1.29",
        "finished": "1759699745.47",
        "exception": "Run time of job 'check_and_send_mailings' was missed!",
        "traceback": null
    }
},
{
    "model": "django_apscheduler.djangojobexecution",
    "pk": 65,
    "fields": {
        "job": "check_and_send_mailings",
        "status": "Missed!",
        "run_time": "2025-10-05T21:29:28.102Z",
        "duration": "1.25",
        "finished": "1759699769.36",
        "exception": "Run time of job 'check_and_send_mailings' was missed!",
        "traceback": null
    }
},
{
    "model": "django_apscheduler.djangojobexecution",
    "pk": 66,
    "fields": {
        "job": "check_and_send_mailings",
        "status": "Missed!",
        "run_time": "2025-10-05T21:29:55.438Z",
        "duration": "1.26",
        "finished": "1759699796.70",
        "exception": "Run time of job 'check_and_send_mailings' was missed!",
        "traceback": null
    }
},
{
    "model": "django_apscheduler.djangojobexecution",
    "pk": 67,
    "fields": {
        "job": "check_and_send_mailings",
        "status": "Missed!",
        "run_time": "2025-10-05T21:30:30.406Z",
        "duration": "1.28",
        "finished": "1759699831.68",
        "exception": "Run time of job 'check_and_send_mailings' was missed!",
        "traceback": null
    }
},
{
    "model": "django_apscheduler.djangojobexecution",
    "pk": 68,
    "fields": {
        "job": "check_and_send_mailings",
        "status": "Missed!",
        "run_time": "2025-10-05T21:30:36.105Z",
        "duration": "1.28",
        "finished": "1759699837.38",
        "exception": "Run time of job 'check_and_send_mailings' was missed!",
        "traceback": null
    }
},
{
    "model": "django_apscheduler.djangojobexecution",
    "pk": 69,
    "fields": {
        "job": "check_and_send_mailings",
        "status": "Missed!",
        "run_time": "2025-10-05T21:31:43.167Z",
        "duration": "1.27",
        "finished": "1759699904.44",
        "exception": "Run time of job 'check_and_send_mailings' was missed!",
        "traceback": null
    }
},
{
    "model": "django_apscheduler.djangojobexecution",
    "pk": 70,
    "fields": {
        "job": "check_and_send_mailings",
        "status": "Missed!",
        "run_time": "2025-10-05T21:33:36.819Z",
        "duration": "1.28",
        "finished": "1759700018.10",
        "exception": "Run time of job 'check_and_send_mailings' was missed!",
        "traceback": null
    }
},
{
    "model": "django_apscheduler.djangojobexecution",
    "pk": 71,
    "fields": {
        "job": "check_and_send_mailings",
        "status": "Missed!",
        "run_time": "2025-10-05T21:33:39.372Z",
        "duration": "1.30",
        "finished": "1759700020.67",
        "exception": "Run time of job 'check_and_send_mailings' was missed!",
        "traceback": null
    }
},
{
    "model": "django_apscheduler.djangojobexecution",
    "pk": 72,
    "fields": {
        "job": "check_and_send_mailings",
        "status": "Missed!",
        "run_time": "2025-10-05T21:33:44.122Z",
        "duration": "1.28",
        "finished": "1759700025.40",
        "exception": "Run time of job 'check_and_send_mailings' was missed!",
        "traceback": null
    }
},
{
    "model": "django_apscheduler.djangojobexecution",
    "pk": 73,
    "fields": {
        "job": "check_and_send_mailings",
        "status": "Missed!",
        "run_time": "2025-10-05T21:33:51.931Z",
        "duration": "1.28",
        "finished": "1759700033.21",
        "exception": "Run time of job 'check_and_send_mailings' was missed!",
        "traceback": null
    }
},
{
    "model": "django_apscheduler.djangojobexecution",
    "pk": 74,
    "fields": {
        "job": "check_and_send_mailings",
        "status": "Missed!",
        "run_time": "2025-10-05T21:34:47.738Z",
        "duration": "1.29",
        "finished": "1759700089.03",
        "exception": "Run time of job 'check_and_send_mailings' was missed!",
        "traceback": null
    }
},
{
    "model": "django_apscheduler.djangojobexecution",
    "pk": 75,
    "fields": {
        "job": "check_and_send_mailings",
        "status": "Missed!",
        "run_time": "2025-10-05T21:35:48.028Z",
        "duration": "1.28",
        "finished": "1759700149.30",
        "exception": "Run time of job 'check_and_send_mailings' was missed!",
        "traceback": null
    }
},
{
    "model": "django_apscheduler.djangojobexecution",
    "pk": 76,
    "fields": {
        "job": "check_and_send_mailings",
        "status": "Missed!",
        "run_time": "2025-10-05T21:36:00.003Z",
        "duration": "1.31",
        "finished": "1759700161.31",
        "exception": "Run time of job 'check_and_send_mailings' was missed!",
        "traceback": null
    }
},
{
    "model": "django_apscheduler.djangojobexecution",
    "pk": 77,
    "fields": {
        "job": "check_and_send_mailings",
        "status": "Missed!",
        "run_time": "2025-10-05T21:36:08.934Z",
        "duration": "1.26",
        "finished": "1759700170.19",
        "exception": "Run time of job 'check_and_send_mailings' was missed!",
        "traceback": null
    }
},
{
    "model": "django_apscheduler.djangojobexecution",
    "pk": 78,
    "fields": {
        "job": "check_and_send_mailings",
        "status": "Missed!",
        "run_time": "2025-10-05T21:36:12.646Z",
        "duration": "1.27",
        "finished": "1759700173.92",
        "exception": "Run time of job 'check_and_send_mailings' was missed!",
        "traceback": null
    }
},
{
    "model": "django_apscheduler.djangojobexecution",
    "pk": 79,
    "fields": {
        "job": "check_and_send_mailings",
        "status": "Missed!",
        "run_time": "2025-10-05T21:37:32.827Z",
        "duration": "5.63",
        "finished": "1759700258.46",
        "exception": "Run time of job 'check_and_send_mailings' was missed!",
        "traceback": null
    }
},
{
    "model": "django_apscheduler.djangojobexecution",
    "pk": 80,
    "fields": {
        "job": "check_and_send_mailings",
        "status": "Missed!",
        "run_time": "2025-10-05T21:38:19.336Z",
        "duration": "1.30",
        "finished": "1759700300.64",
        "exception": "Run time of job 'check_and_send_mailings' was missed!",
        "traceback": null
    }
},
{
    "model": "django_apscheduler.djangojobexecution",
    "pk": 81,
    "fields": {
        "job": "check_and_send_mailings",
        "status": "Missed!",
        "run_time": "2025-10-05T21:39:07.391Z",
        "duration": "1.31",
        "finished": "1759700348.70",
        "exception": "Run time of job 'check_and_send_mailings' was missed!",
        "traceback": null
    }
},
{
    "model": "django_apscheduler.djangojobexecution",
    "pk": 82,
    "fields": {
        "job": "check_and_send_mailings",
        "status": "Missed!",
        "run_time": "2025-10-05T21:39:35.764Z",
        "duration": "1.31",
        "finished": "1759700377.07",
        "exception": "Run time of job 'check_and_send_mailings' was missed!",
        "traceback": null
    }
},
{
    "model": "django_apscheduler.djangojobexecution",
    "pk": 83,
    "fields": {
        "job": "check_and_send_mailings",
        "status": "Missed!",
        "run_time": "2025-10-05T21:40:50.187Z",
        "duration": "1.34",
        "finished": "1759700451.52",
        "exception": "Run time of job 'check_and_send_mailings' was missed!",
        "traceback": null
    }
},
{
    "model": "django_apscheduler.djangojobexecution",
    "pk": 84,
    "fields": {
        "job": "check_and_send_mailings",
        "status": "Missed!",
        "run_time": "2025-10-05T21:41:31.711Z",
        "duration": "1.30",
        "finished": "1759700493.01",
        "exception": "Run time of job 'check_and_send_mailings' was missed!",
        "traceback": null
    }
},
{
    "model": "django_apscheduler.djangojobexecution",
    "pk": 85,
    "fields": {
        "job": "check_and_send_mailings",
        "status": "Missed!",
        "run_time": "2025-10-05T21:42:16.024Z",
        "duration": "1.27",
        "finished": "1759700537.29",
        "exception": "Run time of job 'check_and_send_mailings' was missed!",
        "traceback": null
    }
},
{
    "model": "django_apscheduler.djangojobexecution",
    "pk": 86,
    "fields": {
        "job": "check_and_send_mailings",
        "status": "Missed!",
        "run_time": "2025-10-05T21:44:04.172Z",
        "duration": "5.70",
        "finished": "1759700649.87",
        "exception": "Run time of job 'check_and_send_mailings' was missed!",
        "traceback": null
    }
},
{
    "model": "django_apscheduler.djangojobexecution",
    "pk": 87,
    "fields": {
        "job": "check_and_send_mailings",
        "status": "Missed!",
        "run_time": "2025-10-05T21:49:04.172Z",
        "duration": "3.13",
        "finished": "1759700947.30",
        "exception": "Run time of job 'check_and_send_mailings' was missed!",
        "traceback": null
    }
},
{
    "model": "django_apscheduler.djangojobexecution",
    "pk": 88,
    "fields": {
        "job": "check_and_send_mailings",
        "status": "Error!",
        "run_time": "2025-10-05T21:54:04.172Z",
        "duration": "0.49",
        "finished": "1759701244.66",
        "exception": "SSL connection has been closed unexpectedly\n",
        "traceback": "  File \"/home/runner/workspace/.cache/pypoetry/virtualenvs/project04-ziSNDrjU-py3.12/lib/python3.12/site-packages/apscheduler/executors/base.py\", line 131, in run_job\n    retval = job.func(*job.args, **job.kwargs)\n             ^^^^^^^^^^^^^^^^^^^^^^^^^^^^^^^^^\n  File \"/home/runner/workspace/apps/mailings/scheduler.py\", line 41, in check_and_send_mailings\n    _send_pending_mailings(now)\n  File \"/home/runner/workspace/apps/mailings/scheduler.py\", line 65, in _send_pending_mailings\n    if not mailings_to_send.exists():\n           ^^^^^^^^^^^^^^^^^^^^^^^^^\n  File \"/home/runner/workspace/.cache/pypoetry/virtualenvs/project04-ziSNDrjU-py3.12/lib/python3.12/site-packages/django/db/models/query.py\", line 1296, in exists\n    return self.query.has_results(using=self.db)\n           ^^^^^^^^^^^^^^^^^^^^^^^^^^^^^^^^^^^^^\n  File \"/home/runner/workspace/.cache/pypoetry/virtualenvs/project04-ziSNDrjU-py3.12/lib/python3.12/site-packages/django/db/models/sql/query.py\", line 674, in has_results\n    return compiler.has_results()\n           ^^^^^^^^^^^^^^^^^^^^^^\n  File \"/home/runner/workspace/.cache/pypoetry/virtualenvs/project04-ziSNDrjU-py3.12/lib/python3.12/site-packages/django/db/models/sql/compiler.py\", line 1591, in has_results\n    return bool(self.execute_sql(SINGLE))\n                ^^^^^^^^^^^^^^^^^^^^^^^^\n  File \"/home/runner/workspace/.cache/pypoetry/virtualenvs/project04-ziSNDrjU-py3.12/lib/python3.12/site-packages/django/db/models/sql/compiler.py\", line 1623, in execute_sql\n    cursor.execute(sql, params)\n  File \"/home/runner/workspace/.cache/pypoetry/virtualenvs/project04-ziSNDrjU-py3.12/lib/python3.12/site-packages/django/db/backends/utils.py\", line 122, in execute\n    return super().execute(sql, params)\n           ^^^^^^^^^^^^^^^^^^^^^^^^^^^^\n  File \"/home/runner/workspace/.cache/pypoetry/virtualenvs/project04-ziSNDrjU-py3.12/lib/python3.12/site-packages/django/db/backends/utils.py\", line 79, in execute\n    return self._execute_with_wrappers(\n           ^^^^^^^^^^^^^^^^^^^^^^^^^^^^\n  File \"/home/runner/workspace/.cache/pypoetry/virtualenvs/project04-ziSNDrjU-py3.12/lib/python3.12/site-packages/django/db/backends/utils.py\", line 92, in _execute_with_wrappers\n    return executor(sql, params, many, context)\n           ^^^^^^^^^^^^^^^^^^^^^^^^^^^^^^^^^^^^\n  File \"/home/runner/workspace/.cache/pypoetry/virtualenvs/project04-ziSNDrjU-py3.12/lib/python3.12/site-packages/django/db/backends/utils.py\", line 100, in _execute\n    with self.db.wrap_database_errors:\n         ^^^^^^^^^^^^^^^^^^^^^^^^^^^^\n  File \"/home/runner/workspace/.cache/pypoetry/virtualenvs/project04-ziSNDrjU-py3.12/lib/python3.12/site-packages/django/db/utils.py\", line 91, in __exit__\n    raise dj_exc_value.with_traceback(traceback) from exc_value\n  File \"/home/runner/workspace/.cache/pypoetry/virtualenvs/project04-ziSNDrjU-py3.12/lib/python3.12/site-packages/django/db/backends/utils.py\", line 105, in _execute\n    return self.cursor.execute(sql, params)\n           ^^^^^^^^^^^^^^^^^^^^^^^^^^^^^^^^\n"
    }
},
{
    "model": "django_apscheduler.djangojobexecution",
    "pk": 89,
    "fields": {
        "job": "check_and_send_mailings",
        "status": "Error!",
        "run_time": "2025-10-05T21:59:04.172Z",
        "duration": "0.82",
        "finished": "1759701545.00",
        "exception": "SSL connection has been closed unexpectedly\n",
        "traceback": "  File \"/home/runner/workspace/.cache/pypoetry/virtualenvs/project04-ziSNDrjU-py3.12/lib/python3.12/site-packages/apscheduler/executors/base.py\", line 131, in run_job\n    retval = job.func(*job.args, **job.kwargs)\n             ^^^^^^^^^^^^^^^^^^^^^^^^^^^^^^^^^\n  File \"/home/runner/workspace/apps/mailings/scheduler.py\", line 41, in check_and_send_mailings\n    _send_pending_mailings(now)\n  File \"/home/runner/workspace/apps/mailings/scheduler.py\", line 65, in _send_pending_mailings\n    if not mailings_to_send.exists():\n           ^^^^^^^^^^^^^^^^^^^^^^^^^\n  File \"/home/runner/workspace/.cache/pypoetry/virtualenvs/project04-ziSNDrjU-py3.12/lib/python3.12/site-packages/django/db/models/query.py\", line 1296, in exists\n    return self.query.has_results(using=self.db)\n           ^^^^^^^^^^^^^^^^^^^^^^^^^^^^^^^^^^^^^\n  File \"/home/runner/workspace/.cache/pypoetry/virtualenvs/project04-ziSNDrjU-py3.12/lib/python3.12/site-packages/django/db/models/sql/query.py\", line 674, in has_results\n    return compiler.has_results()\n           ^^^^^^^^^^^^^^^^^^^^^^\n  File \"/home/runner/workspace/.cache/pypoetry/virtualenvs/project04-ziSNDrjU-py3.12/lib/python3.12/site-packages/django/db/models/sql/compiler.py\", line 1591, in has_results\n    return bool(self.execute_sql(SINGLE))\n                ^^^^^^^^^^^^^^^^^^^^^^^^\n  File \"/home/runner/workspace/.cache/pypoetry/virtualenvs/project04-ziSNDrjU-py3.12/lib/python3.12/site-packages/django/db/models/sql/compiler.py\", line 1623, in execute_sql\n    cursor.execute(sql, params)\n  File \"/home/runner/workspace/.cache/pypoetry/virtualenvs/project04-ziSNDrjU-py3.12/lib/python3.12/site-packages/django/db/backends/utils.py\", line 122, in execute\n    return super().execute(sql, params)\n           ^^^^^^^^^^^^^^^^^^^^^^^^^^^^\n  File \"/home/runner/workspace/.cache/pypoetry/virtualenvs/project04-ziSNDrjU-py3.12/lib/python3.12/site-packages/django/db/backends/utils.py\", line 79, in execute\n    return self._execute_with_wrappers(\n           ^^^^^^^^^^^^^^^^^^^^^^^^^^^^\n  File \"/home/runner/workspace/.cache/pypoetry/virtualenvs/project04-ziSNDrjU-py3.12/lib/python3.12/site-packages/django/db/backends/utils.py\", line 92, in _execute_with_wrappers\n    return executor(sql, params, many, context)\n           ^^^^^^^^^^^^^^^^^^^^^^^^^^^^^^^^^^^^\n  File \"/home/runner/workspace/.cache/pypoetry/virtualenvs/project04-ziSNDrjU-py3.12/lib/python3.12/site-packages/django/db/backends/utils.py\", line 100, in _execute\n    with self.db.wrap_database_errors:\n         ^^^^^^^^^^^^^^^^^^^^^^^^^^^^\n  File \"/home/runner/workspace/.cache/pypoetry/virtualenvs/project04-ziSNDrjU-py3.12/lib/python3.12/site-packages/django/db/utils.py\", line 91, in __exit__\n    raise dj_exc_value.with_traceback(traceback) from exc_value\n  File \"/home/runner/workspace/.cache/pypoetry/virtualenvs/project04-ziSNDrjU-py3.12/lib/python3.12/site-packages/django/db/backends/utils.py\", line 105, in _execute\n    return self.cursor.execute(sql, params)\n           ^^^^^^^^^^^^^^^^^^^^^^^^^^^^^^^^\n"
    }
},
{
    "model": "django_apscheduler.djangojobexecution",
    "pk": 90,
    "fields": {
        "job": "check_and_send_mailings",
        "status": "Missed!",
        "run_time": "2025-10-05T22:00:35.467Z",
        "duration": "4.11",
        "finished": "1759701639.58",
        "exception": "Run time of job 'check_and_send_mailings' was missed!",
        "traceback": null
    }
},
{
    "model": "django_apscheduler.djangojobexecution",
    "pk": 91,
    "fields": {
        "job": "check_and_send_mailings",
        "status": "Missed!",
        "run_time": "2025-10-05T22:03:10.382Z",
        "duration": "1.29",
        "finished": "1759701791.67",
        "exception": "Run time of job 'check_and_send_mailings' was missed!",
        "traceback": null
    }
},
{
    "model": "django_apscheduler.djangojobexecution",
    "pk": 92,
    "fields": {
        "job": "check_and_send_mailings",
        "status": "Missed!",
        "run_time": "2025-10-05T22:03:21.397Z",
        "duration": "1.28",
        "finished": "1759701802.68",
        "exception": "Run time of job 'check_and_send_mailings' was missed!",
        "traceback": null
    }
},
{
    "model": "django_apscheduler.djangojobexecution",
    "pk": 93,
    "fields": {
        "job": "check_and_send_mailings",
        "status": "Missed!",
        "run_time": "2025-10-05T22:03:30.213Z",
        "duration": "1.27",
        "finished": "1759701811.48",
        "exception": "Run time of job 'check_and_send_mailings' was missed!",
        "traceback": null
    }
},
{
    "model": "django_apscheduler.djangojobexecution",
    "pk": 94,
    "fields": {
        "job": "check_and_send_mailings",
        "status": "Missed!",
        "run_time": "2025-10-05T22:11:44.092Z",
        "duration": "1.31",
        "finished": "1759702305.40",
        "exception": "Run time of job 'check_and_send_mailings' was missed!",
        "traceback": null
    }
},
{
    "model": "django_apscheduler.djangojobexecution",
    "pk": 95,
    "fields": {
        "job": "check_and_send_mailings",
        "status": "Executed",
        "run_time": "2025-10-05T22:16:44.092Z",
        "duration": "0.18",
        "finished": "1759702604.27",
        "exception": null,
        "traceback": null
    }
},
{
    "model": "django_apscheduler.djangojobexecution",
    "pk": 96,
    "fields": {
        "job": "check_and_send_mailings",
        "status": "Error!",
        "run_time": "2025-10-05T22:21:44.092Z",
        "duration": "0.49",
        "finished": "1759702904.58",
        "exception": "SSL connection has been closed unexpectedly\n",
        "traceback": "  File \"/home/runner/workspace/.cache/pypoetry/virtualenvs/project04-ziSNDrjU-py3.12/lib/python3.12/site-packages/apscheduler/executors/base.py\", line 131, in run_job\n    retval = job.func(*job.args, **job.kwargs)\n             ^^^^^^^^^^^^^^^^^^^^^^^^^^^^^^^^^\n  File \"/home/runner/workspace/apps/mailings/scheduler.py\", line 41, in check_and_send_mailings\n    _send_pending_mailings(now)\n  File \"/home/runner/workspace/apps/mailings/scheduler.py\", line 65, in _send_pending_mailings\n    if not mailings_to_send.exists():\n           ^^^^^^^^^^^^^^^^^^^^^^^^^\n  File \"/home/runner/workspace/.cache/pypoetry/virtualenvs/project04-ziSNDrjU-py3.12/lib/python3.12/site-packages/django/db/models/query.py\", line 1296, in exists\n    return self.query.has_results(using=self.db)\n           ^^^^^^^^^^^^^^^^^^^^^^^^^^^^^^^^^^^^^\n  File \"/home/runner/workspace/.cache/pypoetry/virtualenvs/project04-ziSNDrjU-py3.12/lib/python3.12/site-packages/django/db/models/sql/query.py\", line 674, in has_results\n    return compiler.has_results()\n           ^^^^^^^^^^^^^^^^^^^^^^\n  File \"/home/runner/workspace/.cache/pypoetry/virtualenvs/project04-ziSNDrjU-py3.12/lib/python3.12/site-packages/django/db/models/sql/compiler.py\", line 1591, in has_results\n    return bool(self.execute_sql(SINGLE))\n                ^^^^^^^^^^^^^^^^^^^^^^^^\n  File \"/home/runner/workspace/.cache/pypoetry/virtualenvs/project04-ziSNDrjU-py3.12/lib/python3.12/site-packages/django/db/models/sql/compiler.py\", line 1623, in execute_sql\n    cursor.execute(sql, params)\n  File \"/home/runner/workspace/.cache/pypoetry/virtualenvs/project04-ziSNDrjU-py3.12/lib/python3.12/site-packages/django/db/backends/utils.py\", line 122, in execute\n    return super().execute(sql, params)\n           ^^^^^^^^^^^^^^^^^^^^^^^^^^^^\n  File \"/home/runner/workspace/.cache/pypoetry/virtualenvs/project04-ziSNDrjU-py3.12/lib/python3.12/site-packages/django/db/backends/utils.py\", line 79, in execute\n    return self._execute_with_wrappers(\n           ^^^^^^^^^^^^^^^^^^^^^^^^^^^^\n  File \"/home/runner/workspace/.cache/pypoetry/virtualenvs/project04-ziSNDrjU-py3.12/lib/python3.12/site-packages/django/db/backends/utils.py\", line 92, in _execute_with_wrappers\n    return executor(sql, params, many, context)\n           ^^^^^^^^^^^^^^^^^^^^^^^^^^^^^^^^^^^^\n  File \"/home/runner/workspace/.cache/pypoetry/virtualenvs/project04-ziSNDrjU-py3.12/lib/python3.12/site-packages/django/db/backends/utils.py\", line 100, in _execute\n    with self.db.wrap_database_errors:\n         ^^^^^^^^^^^^^^^^^^^^^^^^^^^^\n  File \"/home/runner/workspace/.cache/pypoetry/virtualenvs/project04-ziSNDrjU-py3.12/lib/python3.12/site-packages/django/db/utils.py\", line 91, in __exit__\n    raise dj_exc_value.with_traceback(traceback) from exc_value\n  File \"/home/runner/workspace/.cache/pypoetry/virtualenvs/project04-ziSNDrjU-py3.12/lib/python3.12/site-packages/django/db/backends/utils.py\", line 105, in _execute\n    return self.cursor.execute(sql, params)\n           ^^^^^^^^^^^^^^^^^^^^^^^^^^^^^^^^\n"
    }
},
{
    "model": "django_apscheduler.djangojobexecution",
    "pk": 97,
    "fields": {
        "job": "check_and_send_mailings",
        "status": "Error!",
        "run_time": "2025-10-05T22:26:44.092Z",
        "duration": "0.50",
        "finished": "1759703204.59",
        "exception": "SSL connection has been closed unexpectedly\n",
        "traceback": "  File \"/home/runner/workspace/.cache/pypoetry/virtualenvs/project04-ziSNDrjU-py3.12/lib/python3.12/site-packages/apscheduler/executors/base.py\", line 131, in run_job\n    retval = job.func(*job.args, **job.kwargs)\n             ^^^^^^^^^^^^^^^^^^^^^^^^^^^^^^^^^\n  File \"/home/runner/workspace/apps/mailings/scheduler.py\", line 41, in check_and_send_mailings\n    _send_pending_mailings(now)\n  File \"/home/runner/workspace/apps/mailings/scheduler.py\", line 65, in _send_pending_mailings\n    if not mailings_to_send.exists():\n           ^^^^^^^^^^^^^^^^^^^^^^^^^\n  File \"/home/runner/workspace/.cache/pypoetry/virtualenvs/project04-ziSNDrjU-py3.12/lib/python3.12/site-packages/django/db/models/query.py\", line 1296, in exists\n    return self.query.has_results(using=self.db)\n           ^^^^^^^^^^^^^^^^^^^^^^^^^^^^^^^^^^^^^\n  File \"/home/runner/workspace/.cache/pypoetry/virtualenvs/project04-ziSNDrjU-py3.12/lib/python3.12/site-packages/django/db/models/sql/query.py\", line 674, in has_results\n    return compiler.has_results()\n           ^^^^^^^^^^^^^^^^^^^^^^\n  File \"/home/runner/workspace/.cache/pypoetry/virtualenvs/project04-ziSNDrjU-py3.12/lib/python3.12/site-packages/django/db/models/sql/compiler.py\", line 1591, in has_results\n    return bool(self.execute_sql(SINGLE))\n                ^^^^^^^^^^^^^^^^^^^^^^^^\n  File \"/home/runner/workspace/.cache/pypoetry/virtualenvs/project04-ziSNDrjU-py3.12/lib/python3.12/site-packages/django/db/models/sql/compiler.py\", line 1623, in execute_sql\n    cursor.execute(sql, params)\n  File \"/home/runner/workspace/.cache/pypoetry/virtualenvs/project04-ziSNDrjU-py3.12/lib/python3.12/site-packages/django/db/backends/utils.py\", line 122, in execute\n    return super().execute(sql, params)\n           ^^^^^^^^^^^^^^^^^^^^^^^^^^^^\n  File \"/home/runner/workspace/.cache/pypoetry/virtualenvs/project04-ziSNDrjU-py3.12/lib/python3.12/site-packages/django/db/backends/utils.py\", line 79, in execute\n    return self._execute_with_wrappers(\n           ^^^^^^^^^^^^^^^^^^^^^^^^^^^^\n  File \"/home/runner/workspace/.cache/pypoetry/virtualenvs/project04-ziSNDrjU-py3.12/lib/python3.12/site-packages/django/db/backends/utils.py\", line 92, in _execute_with_wrappers\n    return executor(sql, params, many, context)\n           ^^^^^^^^^^^^^^^^^^^^^^^^^^^^^^^^^^^^\n  File \"/home/runner/workspace/.cache/pypoetry/virtualenvs/project04-ziSNDrjU-py3.12/lib/python3.12/site-packages/django/db/backends/utils.py\", line 100, in _execute\n    with self.db.wrap_database_errors:\n         ^^^^^^^^^^^^^^^^^^^^^^^^^^^^\n  File \"/home/runner/workspace/.cache/pypoetry/virtualenvs/project04-ziSNDrjU-py3.12/lib/python3.12/site-packages/django/db/utils.py\", line 91, in __exit__\n    raise dj_exc_value.with_traceback(traceback) from exc_value\n  File \"/home/runner/workspace/.cache/pypoetry/virtualenvs/project04-ziSNDrjU-py3.12/lib/python3.12/site-packages/django/db/backends/utils.py\", line 105, in _execute\n    return self.cursor.execute(sql, params)\n           ^^^^^^^^^^^^^^^^^^^^^^^^^^^^^^^^\n"
    }
},
{
    "model": "django_apscheduler.djangojobexecution",
    "pk": 98,
    "fields": {
        "job": "check_and_send_mailings",
        "status": "Missed!",
        "run_time": "2025-10-05T22:26:57.313Z",
        "duration": "1.30",
        "finished": "1759703218.61",
        "exception": "Run time of job 'check_and_send_mailings' was missed!",
        "traceback": null
    }
},
{
    "model": "django_apscheduler.djangojobexecution",
    "pk": 99,
    "fields": {
        "job": "check_and_send_mailings",
        "status": "Missed!",
        "run_time": "2025-10-05T22:27:07.395Z",
        "duration": "1.36",
        "finished": "1759703228.75",
        "exception": "Run time of job 'check_and_send_mailings' was missed!",
        "traceback": null
    }
},
{
    "model": "django_apscheduler.djangojobexecution",
    "pk": 100,
    "fields": {
        "job": "check_and_send_mailings",
        "status": "Missed!",
        "run_time": "2025-10-05T22:27:24.442Z",
        "duration": "1.30",
        "finished": "1759703245.75",
        "exception": "Run time of job 'check_and_send_mailings' was missed!",
        "traceback": null
    }
},
{
    "model": "django_apscheduler.djangojobexecution",
    "pk": 101,
    "fields": {
        "job": "check_and_send_mailings",
        "status": "Missed!",
        "run_time": "2025-10-05T22:28:09.662Z",
        "duration": "1.29",
        "finished": "1759703290.96",
        "exception": "Run time of job 'check_and_send_mailings' was missed!",
        "traceback": null
    }
},
{
    "model": "django_apscheduler.djangojobexecution",
    "pk": 102,
    "fields": {
        "job": "check_and_send_mailings",
        "status": "Missed!",
        "run_time": "2025-10-05T22:30:36.670Z",
        "duration": "1.29",
        "finished": "1759703437.96",
        "exception": "Run time of job 'check_and_send_mailings' was missed!",
        "traceback": null
    }
},
{
    "model": "django_apscheduler.djangojobexecution",
    "pk": 103,
    "fields": {
        "job": "check_and_send_mailings",
        "status": "Executed",
        "run_time": "2025-10-05T22:35:36.670Z",
        "duration": "0.84",
        "finished": "1759703737.51",
        "exception": null,
        "traceback": null
    }
},
{
    "model": "django_apscheduler.djangojobexecution",
    "pk": 104,
    "fields": {
        "job": "check_and_send_mailings",
        "status": "Missed!",
        "run_time": "2025-10-05T22:40:36.670Z",
        "duration": "4.63",
        "finished": "1759704041.30",
        "exception": "Run time of job 'check_and_send_mailings' was missed!",
        "traceback": null
    }
},
{
    "model": "django_apscheduler.djangojobexecution",
    "pk": 105,
    "fields": {
        "job": "check_and_send_mailings",
        "status": "Missed!",
        "run_time": "2025-10-05T22:40:50.485Z",
        "duration": "3.31",
        "finished": "1759704053.79",
        "exception": "Run time of job 'check_and_send_mailings' was missed!",
        "traceback": null
    }
},
{
    "model": "django_apscheduler.djangojobexecution",
    "pk": 106,
    "fields": {
        "job": "check_and_send_mailings",
        "status": "Executed",
        "run_time": "2025-10-05T22:45:50.485Z",
        "duration": "1.04",
        "finished": "1759704351.53",
        "exception": null,
        "traceback": null
    }
},
{
    "model": "django_apscheduler.djangojobexecution",
    "pk": 107,
    "fields": {
        "job": "check_and_send_mailings",
        "status": "Executed",
        "run_time": "2025-10-05T22:50:50.485Z",
        "duration": "0.82",
        "finished": "1759704651.30",
        "exception": null,
        "traceback": null
    }
},
{
    "model": "django_apscheduler.djangojobexecution",
    "pk": 108,
    "fields": {
        "job": "check_and_send_mailings",
        "status": "Missed!",
        "run_time": "2025-10-05T22:55:50.485Z",
        "duration": "5.50",
        "finished": "1759704955.98",
        "exception": "Run time of job 'check_and_send_mailings' was missed!",
        "traceback": null
    }
},
{
    "model": "django_apscheduler.djangojobexecution",
    "pk": 109,
    "fields": {
        "job": "check_and_send_mailings",
        "status": "Missed!",
        "run_time": "2025-10-05T22:59:11.086Z",
        "duration": "1.33",
        "finished": "1759705152.42",
        "exception": "Run time of job 'check_and_send_mailings' was missed!",
        "traceback": null
    }
},
{
    "model": "django_apscheduler.djangojobexecution",
    "pk": 110,
    "fields": {
        "job": "check_and_send_mailings",
        "status": "Missed!",
        "run_time": "2025-10-05T22:59:19.973Z",
        "duration": "1.30",
        "finished": "1759705161.27",
        "exception": "Run time of job 'check_and_send_mailings' was missed!",
        "traceback": null
    }
},
{
    "model": "django_apscheduler.djangojobexecution",
    "pk": 111,
    "fields": {
        "job": "check_and_send_mailings",
        "status": "Missed!",
        "run_time": "2025-10-05T22:59:28.769Z",
        "duration": "1.30",
        "finished": "1759705170.07",
        "exception": "Run time of job 'check_and_send_mailings' was missed!",
        "traceback": null
    }
},
{
    "model": "django_apscheduler.djangojobexecution",
    "pk": 112,
    "fields": {
        "job": "check_and_send_mailings",
        "status": "Missed!",
        "run_time": "2025-10-05T22:59:37.604Z",
        "duration": "1.28",
        "finished": "1759705178.89",
        "exception": "Run time of job 'check_and_send_mailings' was missed!",
        "traceback": null
    }
},
{
    "model": "django_apscheduler.djangojobexecution",
    "pk": 113,
    "fields": {
        "job": "check_and_send_mailings",
        "status": "Missed!",
        "run_time": "2025-10-05T23:01:15.348Z",
        "duration": "1.29",
        "finished": "1759705276.63",
        "exception": "Run time of job 'check_and_send_mailings' was missed!",
        "traceback": null
    }
},
{
    "model": "django_apscheduler.djangojobexecution",
    "pk": 114,
    "fields": {
        "job": "check_and_send_mailings",
        "status": "Missed!",
        "run_time": "2025-10-05T23:01:34.236Z",
        "duration": "1.27",
        "finished": "1759705295.51",
        "exception": "Run time of job 'check_and_send_mailings' was missed!",
        "traceback": null
    }
},
{
    "model": "django_apscheduler.djangojobexecution",
    "pk": 115,
    "fields": {
        "job": "check_and_send_mailings",
        "status": "Missed!",
        "run_time": "2025-10-05T23:02:45.551Z",
        "duration": "1.32",
        "finished": "1759705366.87",
        "exception": "Run time of job 'check_and_send_mailings' was missed!",
        "traceback": null
    }
},
{
    "model": "django_apscheduler.djangojobexecution",
    "pk": 116,
    "fields": {
        "job": "check_and_send_mailings",
        "status": "Executed",
        "run_time": "2025-10-05T23:07:45.551Z",
        "duration": "0.18",
        "finished": "1759705665.74",
        "exception": null,
        "traceback": null
    }
},
{
    "model": "django_apscheduler.djangojobexecution",
    "pk": 117,
    "fields": {
        "job": "check_and_send_mailings",
        "status": "Missed!",
        "run_time": "2025-10-05T23:08:14.663Z",
        "duration": "1.32",
        "finished": "1759705695.98",
        "exception": "Run time of job 'check_and_send_mailings' was missed!",
        "traceback": null
    }
},
{
    "model": "django_apscheduler.djangojobexecution",
    "pk": 118,
    "fields": {
        "job": "check_and_send_mailings",
        "status": "Executed",
        "run_time": "2025-10-05T23:13:14.663Z",
        "duration": "0.18",
        "finished": "1759705994.85",
        "exception": null,
        "traceback": null
    }
},
{
    "model": "django_apscheduler.djangojobexecution",
    "pk": 119,
    "fields": {
        "job": "check_and_send_mailings",
        "status": "Missed!",
        "run_time": "2025-10-05T23:18:14.663Z",
        "duration": "3.55",
        "finished": "1759706298.21",
        "exception": "Run time of job 'check_and_send_mailings' was missed!",
        "traceback": null
    }
},
{
    "model": "django_apscheduler.djangojobexecution",
    "pk": 120,
    "fields": {
        "job": "check_and_send_mailings",
        "status": "Executed",
        "run_time": "2025-10-05T23:34:39.136Z",
        "duration": "0.61",
        "finished": "1759707279.75",
        "exception": null,
        "traceback": null
    }
},
{
    "model": "django_apscheduler.djangojobexecution",
    "pk": 121,
    "fields": {
        "job": "check_and_send_mailings",
        "status": "Executed",
        "run_time": "2025-10-05T23:44:44.417Z",
        "duration": "1.35",
        "finished": "1759707885.77",
        "exception": null,
        "traceback": null
    }
},
{
    "model": "django_apscheduler.djangojobexecution",
    "pk": 122,
    "fields": {
        "job": "check_and_send_mailings",
        "status": "Missed!",
        "run_time": "2025-10-05T23:49:44.417Z",
        "duration": "6.52",
        "finished": "1759708190.94",
        "exception": "Run time of job 'check_and_send_mailings' was missed!",
        "traceback": null
    }
},
{
    "model": "django_apscheduler.djangojobexecution",
    "pk": 123,
    "fields": {
        "job": "check_and_send_mailings",
        "status": "Executed",
        "run_time": "2025-10-05T23:50:18.511Z",
        "duration": "0.58",
        "finished": "1759708219.09",
        "exception": null,
        "traceback": null
    }
},
{
    "model": "django_apscheduler.djangojobexecution",
    "pk": 124,
    "fields": {
        "job": "check_and_send_mailings",
        "status": "Error!",
        "run_time": "2025-10-05T23:55:18.511Z",
        "duration": "0.48",
        "finished": "1759708518.99",
        "exception": "SSL connection has been closed unexpectedly\n",
        "traceback": "  File \"/home/runner/workspace/.cache/pypoetry/virtualenvs/project04-ziSNDrjU-py3.12/lib/python3.12/site-packages/apscheduler/executors/base.py\", line 131, in run_job\n    retval = job.func(*job.args, **job.kwargs)\n             ^^^^^^^^^^^^^^^^^^^^^^^^^^^^^^^^^\n  File \"/home/runner/workspace/apps/mailings/scheduler.py\", line 41, in check_and_send_mailings\n    _send_pending_mailings(now)\n  File \"/home/runner/workspace/apps/mailings/scheduler.py\", line 65, in _send_pending_mailings\n    if not mailings_to_send.exists():\n           ^^^^^^^^^^^^^^^^^^^^^^^^^\n  File \"/home/runner/workspace/.cache/pypoetry/virtualenvs/project04-ziSNDrjU-py3.12/lib/python3.12/site-packages/django/db/models/query.py\", line 1296, in exists\n    return self.query.has_results(using=self.db)\n           ^^^^^^^^^^^^^^^^^^^^^^^^^^^^^^^^^^^^^\n  File \"/home/runner/workspace/.cache/pypoetry/virtualenvs/project04-ziSNDrjU-py3.12/lib/python3.12/site-packages/django/db/models/sql/query.py\", line 674, in has_results\n    return compiler.has_results()\n           ^^^^^^^^^^^^^^^^^^^^^^\n  File \"/home/runner/workspace/.cache/pypoetry/virtualenvs/project04-ziSNDrjU-py3.12/lib/python3.12/site-packages/django/db/models/sql/compiler.py\", line 1591, in has_results\n    return bool(self.execute_sql(SINGLE))\n                ^^^^^^^^^^^^^^^^^^^^^^^^\n  File \"/home/runner/workspace/.cache/pypoetry/virtualenvs/project04-ziSNDrjU-py3.12/lib/python3.12/site-packages/django/db/models/sql/compiler.py\", line 1623, in execute_sql\n    cursor.execute(sql, params)\n  File \"/home/runner/workspace/.cache/pypoetry/virtualenvs/project04-ziSNDrjU-py3.12/lib/python3.12/site-packages/django/db/backends/utils.py\", line 122, in execute\n    return super().execute(sql, params)\n           ^^^^^^^^^^^^^^^^^^^^^^^^^^^^\n  File \"/home/runner/workspace/.cache/pypoetry/virtualenvs/project04-ziSNDrjU-py3.12/lib/python3.12/site-packages/django/db/backends/utils.py\", line 79, in execute\n    return self._execute_with_wrappers(\n           ^^^^^^^^^^^^^^^^^^^^^^^^^^^^\n  File \"/home/runner/workspace/.cache/pypoetry/virtualenvs/project04-ziSNDrjU-py3.12/lib/python3.12/site-packages/django/db/backends/utils.py\", line 92, in _execute_with_wrappers\n    return executor(sql, params, many, context)\n           ^^^^^^^^^^^^^^^^^^^^^^^^^^^^^^^^^^^^\n  File \"/home/runner/workspace/.cache/pypoetry/virtualenvs/project04-ziSNDrjU-py3.12/lib/python3.12/site-packages/django/db/backends/utils.py\", line 100, in _execute\n    with self.db.wrap_database_errors:\n         ^^^^^^^^^^^^^^^^^^^^^^^^^^^^\n  File \"/home/runner/workspace/.cache/pypoetry/virtualenvs/project04-ziSNDrjU-py3.12/lib/python3.12/site-packages/django/db/utils.py\", line 91, in __exit__\n    raise dj_exc_value.with_traceback(traceback) from exc_value\n  File \"/home/runner/workspace/.cache/pypoetry/virtualenvs/project04-ziSNDrjU-py3.12/lib/python3.12/site-packages/django/db/backends/utils.py\", line 105, in _execute\n    return self.cursor.execute(sql, params)\n           ^^^^^^^^^^^^^^^^^^^^^^^^^^^^^^^^\n"
    }
},
{
    "model": "django_apscheduler.djangojobexecution",
    "pk": 125,
    "fields": {
        "job": "check_and_send_mailings",
        "status": "Executed",
        "run_time": "2025-10-05T23:58:22.390Z",
        "duration": "0.60",
        "finished": "1759708702.99",
        "exception": null,
        "traceback": null
    }
},
{
    "model": "django_apscheduler.djangojobexecution",
    "pk": 126,
    "fields": {
        "job": "check_and_send_mailings",
        "status": "Executed",
        "run_time": "2025-10-06T00:00:39.077Z",
        "duration": "0.59",
        "finished": "1759708839.67",
        "exception": null,
        "traceback": null
    }
},
{
    "model": "django_apscheduler.djangojobexecution",
    "pk": 127,
    "fields": {
        "job": "check_and_send_mailings",
        "status": "Missed!",
        "run_time": "2025-10-06T00:05:39.077Z",
        "duration": "8.46",
        "finished": "1759709147.53",
        "exception": "Run time of job 'check_and_send_mailings' was missed!",
        "traceback": null
    }
},
{
    "model": "django_apscheduler.djangojobexecution",
    "pk": 128,
    "fields": {
        "job": "check_and_send_mailings",
        "status": "Executed",
        "run_time": "2025-10-06T01:25:20.113Z",
        "duration": "0.62",
        "finished": "1759713920.73",
        "exception": null,
        "traceback": null
    }
},
{
    "model": "django_apscheduler.djangojobexecution",
    "pk": 129,
    "fields": {
        "job": "check_and_send_mailings",
        "status": "Error!",
        "run_time": "2025-10-06T01:30:20.113Z",
        "duration": "0.52",
        "finished": "1759714220.63",
        "exception": "SSL connection has been closed unexpectedly\n",
        "traceback": "  File \"/home/runner/workspace/.cache/pypoetry/virtualenvs/project04-ziSNDrjU-py3.12/lib/python3.12/site-packages/apscheduler/executors/base.py\", line 131, in run_job\n    retval = job.func(*job.args, **job.kwargs)\n             ^^^^^^^^^^^^^^^^^^^^^^^^^^^^^^^^^\n  File \"/home/runner/workspace/apps/mailings/scheduler.py\", line 41, in check_and_send_mailings\n    _send_pending_mailings(now)\n  File \"/home/runner/workspace/apps/mailings/scheduler.py\", line 69, in _send_pending_mailings\n    if not mailings_to_send.exists():\n           ^^^^^^^^^^^^^^^^^^^^^^^^^\n  File \"/home/runner/workspace/.cache/pypoetry/virtualenvs/project04-ziSNDrjU-py3.12/lib/python3.12/site-packages/django/db/models/query.py\", line 1296, in exists\n    return self.query.has_results(using=self.db)\n           ^^^^^^^^^^^^^^^^^^^^^^^^^^^^^^^^^^^^^\n  File \"/home/runner/workspace/.cache/pypoetry/virtualenvs/project04-ziSNDrjU-py3.12/lib/python3.12/site-packages/django/db/models/sql/query.py\", line 674, in has_results\n    return compiler.has_results()\n           ^^^^^^^^^^^^^^^^^^^^^^\n  File \"/home/runner/workspace/.cache/pypoetry/virtualenvs/project04-ziSNDrjU-py3.12/lib/python3.12/site-packages/django/db/models/sql/compiler.py\", line 1591, in has_results\n    return bool(self.execute_sql(SINGLE))\n                ^^^^^^^^^^^^^^^^^^^^^^^^\n  File \"/home/runner/workspace/.cache/pypoetry/virtualenvs/project04-ziSNDrjU-py3.12/lib/python3.12/site-packages/django/db/models/sql/compiler.py\", line 1623, in execute_sql\n    cursor.execute(sql, params)\n  File \"/home/runner/workspace/.cache/pypoetry/virtualenvs/project04-ziSNDrjU-py3.12/lib/python3.12/site-packages/django/db/backends/utils.py\", line 122, in execute\n    return super().execute(sql, params)\n           ^^^^^^^^^^^^^^^^^^^^^^^^^^^^\n  File \"/home/runner/workspace/.cache/pypoetry/virtualenvs/project04-ziSNDrjU-py3.12/lib/python3.12/site-packages/django/db/backends/utils.py\", line 79, in execute\n    return self._execute_with_wrappers(\n           ^^^^^^^^^^^^^^^^^^^^^^^^^^^^\n  File \"/home/runner/workspace/.cache/pypoetry/virtualenvs/project04-ziSNDrjU-py3.12/lib/python3.12/site-packages/django/db/backends/utils.py\", line 92, in _execute_with_wrappers\n    return executor(sql, params, many, context)\n           ^^^^^^^^^^^^^^^^^^^^^^^^^^^^^^^^^^^^\n  File \"/home/runner/workspace/.cache/pypoetry/virtualenvs/project04-ziSNDrjU-py3.12/lib/python3.12/site-packages/django/db/backends/utils.py\", line 100, in _execute\n    with self.db.wrap_database_errors:\n         ^^^^^^^^^^^^^^^^^^^^^^^^^^^^\n  File \"/home/runner/workspace/.cache/pypoetry/virtualenvs/project04-ziSNDrjU-py3.12/lib/python3.12/site-packages/django/db/utils.py\", line 91, in __exit__\n    raise dj_exc_value.with_traceback(traceback) from exc_value\n  File \"/home/runner/workspace/.cache/pypoetry/virtualenvs/project04-ziSNDrjU-py3.12/lib/python3.12/site-packages/django/db/backends/utils.py\", line 105, in _execute\n    return self.cursor.execute(sql, params)\n           ^^^^^^^^^^^^^^^^^^^^^^^^^^^^^^^^\n"
    }
},
{
    "model": "django_apscheduler.djangojobexecution",
    "pk": 130,
    "fields": {
        "job": "check_and_send_mailings",
        "status": "Executed",
        "run_time": "2025-10-06T01:32:12.806Z",
        "duration": "0.58",
        "finished": "1759714333.39",
        "exception": null,
        "traceback": null
    }
}
]
